case,category,detail
age13-130363,balance-warning,"Top 16 season without World Championship main-draw entry: 2055/56 (open #10, close #21, open status Major Contender, close status Top 32 Professional, main draw no, qualifying yes, reason entered qualifying instead (Lost in Qualifying Round 3))."
age16-130363,balance-warning,"Top 16 season without World Championship main-draw entry: 2046/47 (open #4, close #30, open status Major Contender, close status Top 32 Professional, main draw no, qualifying yes, reason entered qualifying instead (Lost in Qualifying Round 3))."
age16-130363,balance-warning,Major-event win rate 63.8% produced no major titles.
age16-130363,balance-warning,World Championship main-draw win rate 66.7% across 15 matches produced no world title.
age19-130363,balance-warning,"Top 16 season without World Championship main-draw entry: 2043/44 (open #16, close #21, open status Major Contender, close status Top 32 Professional, main draw no, qualifying yes, reason entered qualifying instead (Lost in Qualifying Round 3)) | 2050/51 (open #10, close #18, open status Major Contender, close status Top 32 Professional, main draw no, qualifying no, reason season-open main-draw access was available but no World Championship entry was recorded)."
age22-130363,balance-warning,World Championship main-draw win rate 66.7% across 12 matches produced no world title.
age23-104729,balance-warning,Major-event win rate 62.3% produced no major titles.
age23-104729,balance-warning,World Championship main-draw win rate 64.3% across 14 matches produced no world title.
age24-104729,balance-warning,Major-event win rate 62.5% produced no major titles.
