case,age,date,overall,potential,cash,card,Long Potting,Break Building,Cue Ball Control,Safety Play,Consistency,Composure,Focus,Resilience,Professionalism,Big Match Nerve,Stamina,Balance,Shoulder Health,Hand Steadiness,Recovery Rate
age12-start-club-junior-130363-3y,12,2026-05-11,47,92,8000,False,41,52,51,34,40,44,48,41,40,25,41,52,60,55,49
age12-start-club-junior-130363-3y,13,2027-06-30,50,92,3643.9,False,44.75,56.1,55.84,39.58,43.01,48.53,52.6,44.95,43.2,27.38,43.1,53.05,60.79,56.25,50.31
age12-start-club-junior-130363-3y,14,2028-06-30,53,93,6327.2,False,47.89,59.27,59.92,43.85,45.73,52.27,56.71,48.25,45.87,29.31,45.34,54.17,61.63,57.32,51.71
age12-start-club-junior-130363-3y,15,2029-06-30,56,90,7170.46,False,51.54,62.95,64.33,48.41,48.67,56.21,60.92,51.72,48.53,31.43,47.41,55.21,62.4,58.56,53.01
age15-start-national-youth-130363-3y,15,2026-05-11,63,97,8000,False,56,67,66,49,55,61,65,58,63,50,56,64,72,67,61
age15-start-national-youth-130363-3y,16,2027-06-30,66,99,946.7,False,59.61,71.18,71.05,55.13,58.04,65.94,69.94,62.31,66.42,52.62,58.09,65.04,72.78,68.22,62.3
age15-start-national-youth-130363-3y,17,2028-06-30,70,98,1136.55,False,62.77,74.42,75.25,59.73,60.77,69.84,74.12,65.72,69.14,54.67,60.34,66.17,73.63,69.31,63.71
age15-start-national-youth-130363-3y,18,2029-06-30,73,99,1193.26,False,67.28,78.78,80.65,65.38,64.41,74.7,79.32,70.0,72.44,57.26,62.97,67.48,74.61,70.84,65.35
age18-start-elite-amateur-130363-3y,18,2026-05-11,68,96,8000,False,61,72,71,54,60,66,70,63,72,59,59,67,75,70,64
age18-start-elite-amateur-130363-3y,19,2027-06-30,72,90,10316.78,False,65.56,77.01,76.9,60.6,63.74,71.7,75.86,68.01,76.11,61.96,61.55,68.27,75.96,71.52,65.59
age18-start-elite-amateur-130363-3y,20,2028-06-30,75,93,27398.41,True,69.49,80.86,81.78,65.74,67.07,76.02,80.57,71.8,79.31,64.18,64.23,69.61,76.96,72.85,67.27
age18-start-elite-amateur-130363-3y,21,2029-06-30,79,97,114778.04,True,73.87,84.79,85.9,70.75,70.52,80.48,84.81,75.76,82.32,66.58,66.61,70.8,77.85,74.31,68.76
age21-start-q-tour-130363-3y,21,2026-05-11,72,90,8000,False,65,76,75,58,64,70,74,67,77,64,61,69,77,72,66
age21-start-q-tour-130363-3y,22,2027-06-30,78,92,26739.01,False,71.36,82.78,83.07,67.53,69.19,78.11,82.21,74.12,82.35,68.32,64.61,70.81,78.35,74.14,68.26
age21-start-q-tour-130363-3y,23,2028-06-30,80,94,49017.23,False,74.92,85.49,86.48,72.14,72.27,82.12,85.81,77.77,84.87,70.4,67.04,72.02,79.26,75.36,69.77
age21-start-q-tour-130363-3y,24,2029-06-30,82,96,77062.46,True,77.2,87.09,88.29,75.21,74.17,84.35,87.69,80.12,86.2,71.81,68.41,72.7,79.78,76.14,70.63
age30-start-rookie-pro-130363-3y,30,2026-05-11,72,82,8000,True,65,76,75,58,64,71,75,68,80,66,59,66,74,69,63
age30-start-rookie-pro-130363-3y,31,2027-06-30,77,88,69359.43,True,71.14,82.4,82.66,66.77,69.04,78.51,82.6,74.61,84.63,70.03,62.21,67.61,75.21,71.06,65.01
age30-start-rookie-pro-130363-3y,32,2028-06-30,80,91,171867.85,False,74.99,85.55,86.58,72.47,72.36,82.89,86.33,78.62,87.05,72.42,64.97,68.99,76.24,72.37,66.73
age30-start-rookie-pro-130363-3y,33,2029-06-30,82,94,231022.1,False,77.42,87.32,88.46,75.71,74.29,85.02,88.12,80.92,88.14,73.87,66.38,69.69,76.77,73.19,67.61
age40-start-top-64-130363-3y,40,2026-05-11,74,76,8000,True,67,78,77,60,68,75,78,71,85,70,57,65,73,68,61
age40-start-top-64-130363-3y,41,2027-06-30,74,76,71022.56,True,67.4,78.2,77.5,61.28,68.52,76.37,79.4,72.21,85.7,70.72,56.39,64.3,71.29,67.27,60.01
age40-start-top-64-130363-3y,42,2028-06-30,74,76,183513.15,False,67.49,77.99,77.58,62.13,68.84,77.39,80.5,73.1,86.24,71.25,55.65,63.45,69.29,66.27,58.83
age40-start-top-64-130363-3y,43,2029-06-30,74,76,243771.01,True,67.6,77.85,77.58,63.03,69.14,78.54,81.66,74.11,86.75,71.89,54.6,62.36,66.97,65.11,57.37
age50-start-masters-104729-30y,50,2026-05-11,68,68,8000,False,59,70,69,52,58,81,80,73,89,72,39,53,57,56,42
age50-start-masters-104729-30y,51,2027-06-30,67,67,70788.61,False,57.79,68.06,67.3,52.3,57.58,81.25,80.32,73.6,89.33,72.31,37.3,50.69,52.68,53.43,39.82
age50-start-masters-104729-30y,52,2028-06-30,65,65,127969.57,False,56.34,65.8,65.28,52.25,56.98,81.09,80.27,73.96,89.59,72.44,35.59,48.34,48.56,50.77,37.65
age50-start-masters-104729-30y,53,2029-06-30,65,65,157230.12,False,54.85,63.55,63.18,52.15,56.32,80.76,80.04,74.31,89.87,72.54,33.78,45.91,44.62,48.11,35.43
age50-start-masters-104729-30y,54,2030-06-30,64,64,180232.68,False,53.11,61.06,60.91,52.0,55.5,80.15,79.51,74.54,90.13,72.53,31.95,43.45,40.91,45.39,33.24
age50-start-masters-104729-30y,55,2031-06-30,62,62,210356.46,False,51.28,58.46,58.48,51.67,54.56,79.3,78.72,74.72,90.42,72.45,30.09,40.97,37.41,42.7,31.06
age50-start-masters-104729-30y,56,2032-06-30,60,60,240601.46,False,49.16,55.56,55.66,50.77,53.33,77.71,77.22,74.41,90.57,72.02,28.18,38.47,34.11,39.95,28.9
age50-start-masters-104729-30y,57,2033-06-30,59,59,267477.28,False,46.91,52.59,52.77,49.86,51.97,76.01,75.57,74.08,90.75,71.56,26.22,35.91,30.96,37.2,26.73
age50-start-masters-104729-30y,58,2034-06-30,57,57,295753.48,False,44.5,49.47,49.74,48.8,50.42,74.08,73.68,73.63,90.93,70.99,24.27,33.35,27.97,34.45,24.59
age50-start-masters-104729-30y,59,2035-06-30,55,55,318509.24,False,41.97,46.25,46.57,47.46,48.7,71.89,71.54,73.04,91.1,70.28,22.33,30.79,25.15,31.72,22.5
age50-start-masters-104729-30y,60,2036-06-30,53,53,338121.4,False,39.35,42.98,43.32,45.88,46.81,69.38,69.11,72.25,91.26,69.41,20.44,28.26,22.51,29.02,20.48
age50-start-masters-104729-30y,61,2037-06-30,51,51,367033.52,False,36.65,39.69,40.04,44.14,44.73,66.65,66.44,71.33,91.42,68.42,18.56,25.75,20.02,26.39,18.5
age50-start-masters-104729-30y,62,2038-06-30,48,48,397981.49,False,33.88,36.41,36.78,42.26,42.5,63.72,63.55,70.24,91.59,67.26,16.77,23.34,17.76,23.86,16.64
age50-start-masters-104729-30y,63,2039-06-30,47,47,428013.25,False,31.22,33.28,33.68,40.25,40.2,60.62,60.49,68.97,91.75,65.95,15.14,21.1,15.74,21.52,14.95
age50-start-masters-104729-30y,64,2040-06-30,44,44,452457.07,False,28.63,30.28,30.68,38.06,37.82,57.31,57.24,67.45,91.9,64.44,13.63,19.01,13.93,19.34,13.38
age50-start-masters-104729-30y,65,2041-06-30,42,42,469928.4,False,26.1,27.42,27.8,35.77,35.35,53.87,53.84,65.72,92.04,62.74,12.2,17.03,12.29,17.31,11.93
age50-start-masters-104729-30y,66,2042-06-30,40,40,488820.98,False,23.54,24.58,24.94,33.29,32.74,50.21,50.19,63.67,92.15,60.76,10.81,15.15,10.78,15.37,10.55
age50-start-masters-104729-30y,67,2043-06-30,38,38,516047.38,False,21.57,22.41,22.78,31.26,30.59,47.15,47.16,61.82,92.27,58.97,9.82,13.73,9.66,13.9,9.54
age50-start-masters-104729-30y,68,2044-06-30,38,38,544379.28,False,21.62,22.45,22.88,31.37,30.53,47.04,47.08,61.83,92.39,58.87,9.87,13.62,9.58,13.8,9.52
age50-start-masters-104729-30y,69,2045-06-30,38,38,572351.08,False,21.65,22.47,22.98,31.54,30.46,46.94,46.99,61.84,92.5,58.77,9.93,13.51,9.5,13.7,9.5
age50-start-masters-104729-30y,70,2046-06-30,38,38,594698.46,False,21.67,22.47,23.05,31.66,30.39,46.86,46.93,61.87,92.61,58.69,9.98,13.42,9.42,13.6,9.48
age50-start-masters-104729-30y,71,2047-06-30,38,38,613628.62,False,21.69,22.48,23.14,31.79,30.32,46.77,46.86,61.89,92.72,58.59,10.05,13.33,9.35,13.51,9.47
age50-start-masters-104729-30y,72,2048-06-30,38,38,648263.56,False,21.76,22.55,23.23,31.87,30.27,46.64,46.77,61.88,92.82,58.48,10.1,13.24,9.28,13.43,9.46
age50-start-masters-104729-30y,73,2049-06-30,38,38,684407.87,False,21.76,22.57,23.33,32.06,30.2,46.55,46.67,61.89,92.93,58.39,10.14,13.14,9.21,13.33,9.43
age50-start-masters-104729-30y,74,2050-06-30,38,38,719762.63,False,21.77,22.57,23.4,32.18,30.13,46.49,46.63,61.93,93.04,58.31,10.18,13.05,9.14,13.24,9.41
age50-start-masters-104729-30y,75,2051-06-30,38,38,749395.94,False,21.82,22.59,23.47,32.27,30.09,46.38,46.55,61.92,93.14,58.21,10.26,12.98,9.09,13.17,9.42
age50-start-masters-104729-30y,76,2052-06-30,38,38,771551.06,False,21.87,22.64,23.55,32.36,30.04,46.28,46.48,61.93,93.24,58.12,10.29,12.89,9.02,13.09,9.4
age50-start-masters-104729-30y,77,2053-06-30,38,38,788717.26,False,21.86,22.66,23.64,32.54,29.97,46.2,46.39,61.93,93.34,58.02,10.33,12.81,8.96,13.01,9.38
age50-start-masters-104729-30y,78,2054-06-30,38,38,807287.66,False,21.87,22.65,23.7,32.65,29.91,46.14,46.35,61.97,93.45,57.94,10.36,12.73,8.9,12.93,9.36
age50-start-masters-104729-30y,79,2055-06-30,38,38,813925.76,False,21.9,22.67,23.77,32.75,29.86,46.04,46.27,61.96,93.54,57.84,10.43,12.67,8.85,12.86,9.36
age50-start-masters-104729-30y,80,2056-06-30,38,38,812092.76,False,21.94,22.71,23.85,32.86,29.81,45.95,46.19,61.97,93.64,57.75,10.45,12.58,8.78,12.79,9.34
age50-start-masters-130363-30y,50,2026-05-11,68,68,8000,False,59,70,69,52,58,81,80,73,89,72,39,53,57,56,42
age50-start-masters-130363-30y,51,2027-06-30,66,66,71416.57,False,57.54,67.71,66.95,52.21,57.44,81.2,80.28,73.62,89.35,72.31,36.99,50.34,52.06,53.05,39.48
age50-start-masters-130363-30y,52,2028-06-30,65,65,138414.62,False,55.75,65.0,64.5,52.0,56.65,80.87,80.04,73.88,89.59,72.36,34.99,47.63,47.41,49.99,36.97
age50-start-masters-130363-30y,53,2029-06-30,64,64,198650.99,False,53.9,62.25,61.87,51.55,55.76,80.3,79.6,74.11,89.84,72.36,32.88,44.84,43.01,46.93,34.44
age50-start-masters-130363-30y,54,2030-06-30,62,62,221498.62,False,51.8,59.31,59.16,51.19,54.7,79.47,78.83,74.24,90.1,72.27,30.77,42.04,38.91,43.84,31.95
age50-start-masters-130363-30y,55,2031-06-30,61,61,252902.66,False,49.6,56.24,56.22,50.49,53.5,78.28,77.74,74.28,90.37,72.05,28.64,39.23,35.1,40.79,29.51
age50-start-masters-130363-30y,56,2032-06-30,59,59,281762.94,False,47.16,52.96,53.04,49.46,52.03,76.38,75.91,73.88,90.54,71.53,26.51,36.42,31.57,37.75,27.12
age50-start-masters-130363-30y,57,2033-06-30,57,57,310504.76,False,44.53,49.56,49.71,48.24,50.35,74.23,73.82,73.35,90.72,70.88,24.34,33.58,28.23,34.7,24.74
age50-start-masters-130363-30y,58,2034-06-30,55,55,340980.64,False,41.74,46.01,46.24,46.82,48.45,71.78,71.42,72.67,90.89,70.1,22.19,30.75,25.1,31.68,22.43
age50-start-masters-130363-30y,59,2035-06-30,52,52,363851.04,False,38.82,42.38,42.66,45.12,46.35,69.04,68.74,71.82,91.06,69.15,20.09,27.95,22.19,28.7,20.18
age50-start-masters-130363-30y,60,2036-06-30,50,50,381622.25,False,35.84,38.75,39.06,43.21,44.04,65.95,65.71,70.74,91.23,68.0,18.07,25.21,19.5,25.81,18.04
age50-start-masters-130363-30y,61,2037-06-30,47,47,400694.11,False,32.78,35.14,35.46,41.08,41.52,62.56,62.37,69.43,91.41,66.64,16.09,22.53,17.0,23.01,15.98
age50-start-masters-130363-30y,62,2038-06-30,45,45,426920.57,False,29.69,31.55,31.89,38.7,38.8,58.87,58.73,67.85,91.58,65.04,14.22,19.99,14.76,20.36,14.06
age50-start-masters-130363-30y,63,2039-06-30,42,42,455687.23,False,26.71,28.13,28.46,36.06,35.98,54.94,54.87,65.97,91.73,63.17,12.53,17.64,12.77,17.92,12.33
age50-start-masters-130363-30y,64,2040-06-30,40,40,480302.6,False,23.86,24.93,25.25,33.37,33.09,50.83,50.79,63.77,91.87,61.03,10.98,15.47,11.01,15.69,10.75
age50-start-masters-130363-30y,65,2041-06-30,38,38,497992.35,False,21.6,22.44,22.77,31.1,30.63,47.33,47.31,61.71,92.02,59.01,9.81,13.79,9.7,13.97,9.56
age50-start-masters-130363-30y,66,2042-06-30,38,38,517133.04,False,21.6,22.44,22.87,31.29,30.55,47.24,47.24,61.74,92.15,58.92,9.85,13.67,9.61,13.85,9.52
age50-start-masters-130363-30y,67,2043-06-30,38,38,544217.74,False,21.63,22.45,22.97,31.43,30.48,47.13,47.16,61.75,92.26,58.82,9.92,13.57,9.53,13.75,9.51
age50-start-masters-130363-30y,68,2044-06-30,38,38,572824.64,False,21.67,22.49,23.06,31.56,30.42,47.02,47.07,61.76,92.38,58.71,9.97,13.47,9.45,13.65,9.49
age50-start-masters-130363-30y,69,2045-06-30,38,38,602596.32,False,21.7,22.51,23.16,31.72,30.35,46.91,46.97,61.77,92.49,58.62,10.03,13.37,9.38,13.56,9.48
age50-start-masters-130363-30y,70,2046-06-30,38,38,628611.42,False,21.73,22.52,23.22,31.8,30.3,46.84,46.93,61.8,92.59,58.54,10.08,13.29,9.31,13.47,9.46
age50-start-masters-130363-30y,71,2047-06-30,38,38,645662.62,False,21.77,22.54,23.3,31.88,30.26,46.74,46.86,61.81,92.69,58.44,10.15,13.22,9.26,13.4,9.47
age50-start-masters-130363-30y,72,2048-06-30,38,38,664213.04,False,21.82,22.59,23.38,31.98,30.21,46.63,46.77,61.8,92.8,58.34,10.19,13.12,9.19,13.32,9.44
age50-start-masters-130363-30y,73,2049-06-30,38,38,692156.23,False,21.82,22.6,23.47,32.16,30.14,46.54,46.69,61.82,92.91,58.25,10.23,13.03,9.12,13.22,9.43
age50-start-masters-130363-30y,74,2050-06-30,38,38,716899.72,False,21.83,22.6,23.53,32.26,30.07,46.48,46.65,61.86,93.02,58.17,10.26,12.94,9.05,13.14,9.4
age50-start-masters-130363-30y,75,2051-06-30,38,38,749794.57,False,21.86,22.6,23.6,32.36,30.03,46.38,46.58,61.86,93.12,58.07,10.34,12.89,9.0,13.07,9.41
age50-start-masters-130363-30y,76,2052-06-30,38,38,770276.13,False,21.91,22.65,23.67,32.45,29.98,46.29,46.51,61.87,93.22,57.98,10.37,12.8,8.94,13.0,9.39
age50-start-masters-130363-30y,77,2053-06-30,38,38,790028.64,False,21.92,22.67,23.76,32.6,29.93,46.2,46.42,61.87,93.31,57.89,10.41,12.73,8.89,12.92,9.38
age50-start-masters-130363-30y,78,2054-06-30,38,38,819238.28,False,21.94,22.68,23.81,32.68,29.88,46.13,46.37,61.89,93.41,57.81,10.45,12.66,8.84,12.86,9.37
age50-start-masters-130363-30y,79,2055-06-30,38,38,834045.52,False,21.98,22.7,23.88,32.79,29.83,46.03,46.29,61.89,93.5,57.71,10.51,12.6,8.79,12.79,9.37
age50-start-masters-130363-30y,80,2056-06-30,38,38,834070.18,False,22.01,22.74,23.95,32.9,29.78,45.94,46.22,61.89,93.6,57.62,10.54,12.52,8.73,12.72,9.35
