season,playerId,name,age,nationality,careerPhase,competitiveStatus,isHumanPlayer,isOnMainTour,isTourCardHolder,tourCardSource,tourCardYear,yearsRemaining,expiresAfterSeason,tourSurvivalStatus,seasonOpenWorldRank,seasonCloseWorldRank,normalizedWorldRank,rawWorldRankBeforeCap,worldRank,oneYearRank,amateurRank,qTourRank,qSchoolRank,seniorRank,previousWorldRank,rankChange,overall,potential,technicalAverage,mentalAverage,physicalAverage,effectiveMatchStrength,confidence,fatigue,reputation,seasonMatches,seasonWins,seasonLosses,seasonWinPercentage,seasonTitles,seasonMajorTitles,seasonWorldChampionshipEntries,seasonBestWorldChampionshipFinish,seasonMajorQuarterFinals,seasonMajorSemiFinals,seasonMajorFinals,seasonPrizeMoney,seasonRankingPoints,careerMatches,careerWins,careerLosses,careerWinPercentage,careerTitles,careerMajorTitles,careerPrizeMoney,totalRecord,youthRecord,amateurRecord,qTourRecord,qSchoolRecord,proQualifierRecord,rankingEventRecord,majorRecord,worldQualifyingRecord,worldMainDrawRecord,playersSeriesRecord,invitationalRecord,seniorRecord,exhibitionRecord,bestWorldRank,bestWorldChampionshipFinish,worldChampionshipMainDrawEligible,worldChampionshipMainDrawEntered,worldChampionshipQualifyingEntered,reasonSkippedWorldMainDraw,availableEventsCount,eligibleEventsCount,enteredEventsCount,rankingEventsEntered,qualifierEventsEntered,majorEventsEntered,invitationalsEntered,playersSeriesEntered,qTourEventsEntered,qSchoolEventsEntered,amateurEventsEntered,youthEventsEntered,seniorEventsEntered,skippedEligibleEventsCount,skippedCoreEventsCount,skippedReasonSummary,eventAccessBand,eventVolumeBandStatus,eventVolumeWarnings,calendarValidationWarnings,tourCardValidAtSeasonOpen,tourCardValidAtSeasonClose,lifecycleCorrectionApplied,rankCapApplied,recentSeasonWins,twoYearWins,twoYearPrizeMoney,majorFinalsLastTwoYears,titlesLastTwoYears,rankingDecayApplied,stalledReason,expectedCircuit,actualCircuit,warningFlags,invalidStateReasons,validTourStatus,validEventAccess,invalidAccessReason
2026/27,human-elliot-vance,Elliot Vance,15,England,Youth,Regional Youth Prospect,true,false,false,,0,0,,Amateur,,999,999,999,999,,1,,,,,,74,99,79,61,70,96,99,0,67,25,17,8,68,1,0,0,No main draw win,0,0,0,2963,176,25,17,8,68,1,0,2963,"{""matches"":25,""wins"":17,""losses"":8,""draws"":0,""winPercentage"":68,""eventsEntered"":9,""titles"":1,""finals"":2,""prizeMoney"":2963,""points"":176}","{""matches"":25,""wins"":17,""losses"":8,""draws"":0,""winPercentage"":68,""eventsEntered"":9,""titles"":1,""finals"":2,""prizeMoney"":2963,""points"":176}","{""matches"":0,""wins"":0,""losses"":0,""draws"":0,""winPercentage"":0,""eventsEntered"":0,""titles"":0,""finals"":0,""prizeMoney"":0,""points"":0}","{""matches"":0,""wins"":0,""losses"":0,""draws"":0,""winPercentage"":0,""eventsEntered"":0,""titles"":0,""finals"":0,""prizeMoney"":0,""points"":0}","{""matches"":0,""wins"":0,""losses"":0,""draws"":0,""winPercentage"":0,""eventsEntered"":0,""titles"":0,""finals"":0,""prizeMoney"":0,""points"":0}","{""matches"":0,""wins"":0,""losses"":0,""draws"":0,""winPercentage"":0,""eventsEntered"":0,""titles"":0,""finals"":0,""prizeMoney"":0,""points"":0}","{""matches"":0,""wins"":0,""losses"":0,""draws"":0,""winPercentage"":0,""eventsEntered"":0,""titles"":0,""finals"":0,""prizeMoney"":0,""points"":0}","{""matches"":0,""wins"":0,""losses"":0,""draws"":0,""winPercentage"":0,""eventsEntered"":0,""titles"":0,""finals"":0,""prizeMoney"":0,""points"":0}","{""matches"":0,""wins"":0,""losses"":0,""draws"":0,""winPercentage"":0,""eventsEntered"":0,""titles"":0,""finals"":0,""prizeMoney"":0,""points"":0}","{""matches"":0,""wins"":0,""losses"":0,""draws"":0,""winPercentage"":0,""eventsEntered"":0,""titles"":0,""finals"":0,""prizeMoney"":0,""points"":0}","{""matches"":0,""wins"":0,""losses"":0,""draws"":0,""winPercentage"":0,""eventsEntered"":0,""titles"":0,""finals"":0,""prizeMoney"":0,""points"":0}","{""matches"":0,""wins"":0,""losses"":0,""draws"":0,""winPercentage"":0,""eventsEntered"":0,""titles"":0,""finals"":0,""prizeMoney"":0,""points"":0}","{""matches"":0,""wins"":0,""losses"":0,""draws"":0,""winPercentage"":0,""eventsEntered"":0,""titles"":0,""finals"":0,""prizeMoney"":0,""points"":0}","{""matches"":0,""wins"":0,""losses"":0,""draws"":0,""winPercentage"":0,""eventsEntered"":0,""titles"":0,""finals"":0,""prizeMoney"":0,""points"":0}",999,No main draw win,false,false,false,,71,18,9,0,0,0,0,0,0,0,0,9,0,9,11,9 eligible events not entered,Amateur,normal,,,false,false,false,false,17,0,0,0,0,false,,qTour,amateur,,,true,true,
2026/27,wp-aaron-crane,Aaron Crane,30,BEL,Established,Top 16 Elite Player,false,true,true,Ranking Retained,0,0,,Top 16,1,1,1,1,1,1,,,,,1,0,87,87,89,87,87,99,63,1,43,2,1,1,50,1,,,,,,,0,11,2,1,1,50,1,0,0,"{""matches"":2,""wins"":1,""losses"":1,""draws"":0,""winPercentage"":50,""eventsEntered"":0,""titles"":1,""finals"":0,""prizeMoney"":0,""points"":0}",,,,,,,,,,,,,,1,,true,true,false,,71,21,15,9,0,6,6,3,0,0,0,0,0,6,6,estimated from season exits versus eligible schedule | 6 eligible events not entered,Top 16,normal,,,true,true,false,false,0,0,0,,1,false,,mainTour,mainTour,,,true,true,
2026/27,wp-aaron-holt,Aaron Holt,34,BEL,Established,Top 16 Elite Player,false,true,true,Ranking Retained,0,0,,Top 16,2,2,2,2,2,2,,,,,2,0,75,75,77,73,74,84,42,0,41,1,0,1,0,0,,,,,,,0,2,1,0,1,0,0,0,0,"{""matches"":1,""wins"":0,""losses"":1,""draws"":0,""winPercentage"":0,""eventsEntered"":0,""titles"":0,""finals"":0,""prizeMoney"":0,""points"":0}",,,,,,,,,,,,,,2,,true,true,false,,71,21,15,9,0,6,6,3,0,0,0,0,0,6,6,estimated from season exits versus eligible schedule | 6 eligible events not entered,Top 16,normal,,,true,true,false,false,0,0,0,,0,false,,mainTour,mainTour,top16-low-overall-no-results;top4-low-wins-no-results,,true,true,
2026/27,wp-aaron-keane,Aaron Keane,28,BEL,Established,Top 16 Elite Player,false,true,true,Ranking Retained,0,0,,Top 16,3,3,3,3,3,3,,,,,3,0,94,94,96,96,94,99,83,0,43,1,1,0,100,1,,,,,,,0,8,1,1,0,100,1,0,0,"{""matches"":1,""wins"":1,""losses"":0,""draws"":0,""winPercentage"":100,""eventsEntered"":0,""titles"":1,""finals"":0,""prizeMoney"":0,""points"":0}",,,,,,,,,,,,,,3,,true,true,false,,71,21,15,9,0,6,6,3,0,0,0,0,0,6,6,estimated from season exits versus eligible schedule | 6 eligible events not entered,Top 16,normal,,,true,true,false,false,0,0,0,,1,false,,mainTour,mainTour,,,true,true,
2026/27,wp-aaron-mercer,Aaron Mercer,20,BEL,Rookie,Top 16 Elite Player,false,true,true,Ranking Retained,0,0,,Top 16,4,4,4,4,4,4,,,,,4,0,75,81,77,73,75,84,42,0,40,0,0,0,,0,,,,,,,0,0,0,0,0,0,0,0,0,"{""matches"":0,""wins"":0,""losses"":0,""draws"":0,""winPercentage"":0,""eventsEntered"":0,""titles"":0,""finals"":0,""prizeMoney"":0,""points"":0}",,,,,,,,,,,,,,4,,true,true,false,,71,21,15,9,0,6,6,3,0,0,0,0,0,6,6,estimated from season exits versus eligible schedule | 6 eligible events not entered,Top 16,normal,,,true,true,false,false,0,0,0,,0,false,,mainTour,mainTour,top16-low-overall-no-results;top4-low-wins-no-results,,true,true,
2026/27,wp-aaron-nash,Aaron Nash,46,BEL,Veteran,Top 16 Elite Player,false,true,true,Ranking Retained,0,0,,Top 16,5,5,5,5,5,5,,,,,5,0,75,75,75,72,68,79,34,17,40,1,0,1,0,0,,,,,,,0,2,1,0,1,0,0,0,0,"{""matches"":1,""wins"":0,""losses"":1,""draws"":0,""winPercentage"":0,""eventsEntered"":0,""titles"":0,""finals"":0,""prizeMoney"":0,""points"":0}",,,,,,,,,,,,,,5,,true,true,false,,71,21,15,9,0,6,6,3,0,0,0,0,0,6,6,estimated from season exits versus eligible schedule | 6 eligible events not entered,Top 16,normal,,,true,true,false,false,0,0,0,,0,false,,mainTour,mainTour,top16-low-overall-no-results,,true,true,
2026/27,wp-aaron-sloan,Aaron Sloan,29,BEL,Established,Top 16 Elite Player,false,true,true,Ranking Retained,0,0,,Top 16,6,6,6,6,6,6,,,,,6,0,86,86,88,86,86,99,63,1,42,2,1,1,50,1,,,,,,,0,11,2,1,1,50,1,0,0,"{""matches"":2,""wins"":1,""losses"":1,""draws"":0,""winPercentage"":50,""eventsEntered"":0,""titles"":1,""finals"":0,""prizeMoney"":0,""points"":0}",,,,,,,,,,,,,,6,,true,true,false,,71,21,15,9,0,6,6,3,0,0,0,0,0,6,6,estimated from season exits versus eligible schedule | 6 eligible events not entered,Top 16,normal,,,true,true,false,false,0,0,0,,1,false,,mainTour,mainTour,,,true,true,
2026/27,wp-aaron-zhou,Aaron Zhou,32,BEL,Established,Top 16 Elite Player,false,true,true,Ranking Retained,0,0,,Top 16,7,7,7,7,7,7,,,,,7,0,86,86,88,86,85,99,63,1,42,2,1,1,50,1,,,,,,,0,13,2,1,1,50,1,0,0,"{""matches"":2,""wins"":1,""losses"":1,""draws"":0,""winPercentage"":50,""eventsEntered"":0,""titles"":1,""finals"":0,""prizeMoney"":0,""points"":0}",,,,,,,,,,,,,,7,,true,true,false,,71,21,15,9,0,6,6,3,0,0,0,0,0,6,6,estimated from season exits versus eligible schedule | 6 eligible events not entered,Top 16,normal,,,true,true,false,false,0,0,0,,1,false,,mainTour,mainTour,,,true,true,
2026/27,wp-aiden-pike,Aiden Pike,32,ENG,Established,Top 16 Elite Player,false,true,true,Ranking Retained,0,0,,Top 16,8,8,8,8,8,8,,,,,8,0,94,94,96,96,93,99,83,0,42,1,1,0,100,1,,,,,,,0,14,1,1,0,100,1,0,0,"{""matches"":1,""wins"":1,""losses"":0,""draws"":0,""winPercentage"":100,""eventsEntered"":0,""titles"":1,""finals"":0,""prizeMoney"":0,""points"":0}",,,,,,,,,,,,,,8,,true,true,false,,71,21,15,9,0,6,6,3,0,0,0,0,0,6,6,estimated from season exits versus eligible schedule | 6 eligible events not entered,Top 16,normal,,,true,true,false,false,0,0,0,,1,false,,mainTour,mainTour,,,true,true,
2026/27,wp-arlo-dawes,Arlo Dawes,15,BEL,Rookie,Top 16 Elite Player,false,true,true,Federation Route,1,2,2028/29,At Risk,,9,9,9,9,9,,,,,,,60,69,62,54,60,69,42,0,18,,,,,,,,,,,,,,0,0,0,0,0,0,0,"{""matches"":0,""wins"":0,""losses"":0,""draws"":0,""winPercentage"":0,""eventsEntered"":0,""titles"":0,""finals"":0,""prizeMoney"":0,""points"":0}",,,,,,,,,,,,,,,,,true,false,,71,21,15,9,0,6,6,3,0,0,0,0,0,6,6,estimated from season exits versus eligible schedule | 6 eligible events not entered,Top 16,normal,,,true,true,false,false,0,0,0,,0,false,,mainTour,mainTour,top16-low-overall-no-results,,true,true,
2026/27,wp-callum-reeve,Callum Reeve,35,ENG,Established,Top 16 Elite Player,false,true,true,Ranking Retained,0,0,,Top 16,9,9,10,9,10,10,,,,,9,-1,74,74,76,72,72,83,42,0,41,1,0,1,0,0,,,,,,,0,2,1,0,1,0,0,0,0,"{""matches"":1,""wins"":0,""losses"":1,""draws"":0,""winPercentage"":0,""eventsEntered"":0,""titles"":0,""finals"":0,""prizeMoney"":0,""points"":0}",,,,,,,,,,,,,,3,,true,true,false,,71,21,15,9,0,6,6,3,0,0,0,0,0,6,6,estimated from season exits versus eligible schedule | 6 eligible events not entered,Top 16,normal,,,true,true,false,true,0,0,0,,0,true,,mainTour,mainTour,,,true,true,
2026/27,wp-cian-crane,Cian Crane,29,WAL,Established,Top 16 Elite Player,false,true,true,Ranking Retained,0,0,,Top 16,10,10,11,10,11,11,,,,,10,-1,74,74,76,72,74,83,42,0,39,1,0,1,0,0,,,,,,,0,2,1,0,1,0,0,0,0,"{""matches"":1,""wins"":0,""losses"":1,""draws"":0,""winPercentage"":0,""eventsEntered"":0,""titles"":0,""finals"":0,""prizeMoney"":0,""points"":0}",,,,,,,,,,,,,,10,,true,true,false,,71,21,15,9,0,6,6,3,0,0,0,0,0,6,6,estimated from season exits versus eligible schedule | 6 eligible events not entered,Top 16,normal,,,true,true,false,true,0,0,0,,0,true,,mainTour,mainTour,,,true,true,
2026/27,wp-cian-holt,Cian Holt,27,WAL,Established,Top 16 Elite Player,false,true,true,Ranking Retained,0,0,,Top 16,11,11,12,11,12,12,,,,,11,-1,94,95,96,96,94,99,83,0,41,1,1,0,100,1,,,,,,,0,14,1,1,0,100,1,0,0,"{""matches"":1,""wins"":1,""losses"":0,""draws"":0,""winPercentage"":100,""eventsEntered"":0,""titles"":1,""finals"":0,""prizeMoney"":0,""points"":0}",,,,,,,,,,,,,,11,,true,true,false,,71,21,15,9,0,6,6,3,0,0,0,0,0,6,6,estimated from season exits versus eligible schedule | 6 eligible events not entered,Top 16,normal,,,true,true,false,true,0,0,0,,1,true,,mainTour,mainTour,,,true,true,
2026/27,wp-cian-keane,Cian Keane,22,WAL,Rookie,Top 16 Elite Player,false,true,true,Ranking Retained,0,0,,Top 16,12,12,13,12,13,13,,,,,12,-1,85,89,87,85,85,99,63,1,41,2,1,1,50,1,,,,,,,0,18,2,1,1,50,1,0,0,"{""matches"":2,""wins"":1,""losses"":1,""draws"":0,""winPercentage"":50,""eventsEntered"":0,""titles"":1,""finals"":0,""prizeMoney"":0,""points"":0}",,,,,,,,,,,,,,12,,true,true,false,,71,20,15,9,0,5,6,2,0,0,0,0,0,5,5,estimated from season exits versus eligible schedule | 5 eligible events not entered,Top 16,normal,,,true,true,false,true,0,0,0,,1,true,,mainTour,mainTour,,,true,true,
2026/27,wp-cian-mercer,Cian Mercer,28,WAL,Established,Top 16 Elite Player,false,true,true,Ranking Retained,0,0,,Top 16,13,13,14,13,14,14,,,,,13,-1,73,73,75,71,73,82,42,0,39,1,0,1,0,0,,,,,,,0,2,1,0,1,0,0,0,0,"{""matches"":1,""wins"":0,""losses"":1,""draws"":0,""winPercentage"":0,""eventsEntered"":0,""titles"":0,""finals"":0,""prizeMoney"":0,""points"":0}",,,,,,,,,,,,,,13,,true,true,false,,71,20,15,9,0,5,6,2,0,0,0,0,0,5,5,estimated from season exits versus eligible schedule | 5 eligible events not entered,Top 16,normal,,,true,true,false,true,0,0,0,,0,true,,mainTour,mainTour,,,true,true,
2026/27,wp-cian-nash,Cian Nash,22,WAL,Rookie,Top 16 Elite Player,false,true,true,Ranking Retained,0,0,,Top 16,14,14,15,14,15,15,,,,,14,-1,81,85,83,80,81,92,56,5,41,3,1,2,33.33333333333333,1,,,,,,,0,21,3,1,2,33.33333333333333,1,0,0,"{""matches"":3,""wins"":1,""losses"":2,""draws"":0,""winPercentage"":33.33333333333333,""eventsEntered"":0,""titles"":1,""finals"":0,""prizeMoney"":0,""points"":0}",,,,,,,,,,,,,,14,,true,true,false,,71,20,15,9,0,5,6,2,0,0,0,0,0,5,5,estimated from season exits versus eligible schedule | 5 eligible events not entered,Top 16,normal,,,true,true,false,true,0,0,0,,1,true,,mainTour,mainTour,,,true,true,
2026/27,wp-cian-sloan,Cian Sloan,23,WAL,Rookie,Top 16 Elite Player,false,true,true,Ranking Retained,0,0,,Top 16,15,15,16,15,16,16,,,,,15,-1,73,77,75,70,73,82,42,3,38,2,0,2,0,0,,,,,,,0,14,2,0,2,0,0,0,0,"{""matches"":2,""wins"":0,""losses"":2,""draws"":0,""winPercentage"":0,""eventsEntered"":0,""titles"":0,""finals"":0,""prizeMoney"":0,""points"":0}",,,,,,,,,,,,,,15,,true,true,false,,71,20,15,9,0,5,6,2,0,0,0,0,0,5,5,estimated from season exits versus eligible schedule | 5 eligible events not entered,Top 16,normal,,,true,true,false,true,0,0,0,,0,true,,mainTour,mainTour,,,true,true,
2026/27,wp-cian-zhou,Cian Zhou,46,WAL,Veteran,Top 32 Professional,false,true,true,Ranking Retained,0,0,,Top 16,16,16,17,16,17,17,,,,,16,-1,72,72,72,69,65,77,34,14,38,0,0,0,,0,,,,,,,0,0,0,0,0,0,0,0,0,"{""matches"":0,""wins"":0,""losses"":0,""draws"":0,""winPercentage"":0,""eventsEntered"":0,""titles"":0,""finals"":0,""prizeMoney"":0,""points"":0}",,,,,,,,,,,,,,16,,true,false,true,,71,22,13,8,2,1,3,1,0,0,0,0,0,9,9,estimated from season exits versus eligible schedule | 9 eligible events not entered,Top 32,normal,,,true,true,false,true,0,0,0,,0,true,,mainTour,mainTour,,,true,true,
2026/27,wp-daniel-crane,Daniel Crane,54,AUS,Veteran,Top 32 Professional,false,true,true,Ranking Retained,0,0,,Top 32,17,17,18,17,18,18,,,,,17,-1,72,72,70,68,62,73,26,26,38,0,0,0,,0,,,,,,,0,0,0,0,0,0,0,0,0,"{""matches"":0,""wins"":0,""losses"":0,""draws"":0,""winPercentage"":0,""eventsEntered"":0,""titles"":0,""finals"":0,""prizeMoney"":0,""points"":0}",,,,,,,,,,,,,,17,,false,false,true,,71,22,13,8,2,1,3,1,0,0,0,0,0,9,9,estimated from season exits versus eligible schedule | 9 eligible events not entered,Top 32,normal,,,true,true,false,true,0,0,0,,0,true,,mainTour,mainTour,,,true,true,
2026/27,wp-daniel-holt,Daniel Holt,29,AUS,Established,Top 32 Professional,false,true,true,Ranking Retained,0,0,,Top 32,18,18,19,18,19,19,,,,,18,-1,72,72,74,69,72,81,42,0,38,0,0,0,,0,,,,,,,0,0,0,0,0,0,0,0,0,"{""matches"":0,""wins"":0,""losses"":0,""draws"":0,""winPercentage"":0,""eventsEntered"":0,""titles"":0,""finals"":0,""prizeMoney"":0,""points"":0}",,,,,,,,,,,,,,18,,false,false,true,,71,22,13,8,2,1,3,1,0,0,0,0,0,9,9,estimated from season exits versus eligible schedule | 9 eligible events not entered,Top 32,normal,,,true,true,false,true,0,0,0,,0,true,,mainTour,mainTour,,,true,true,
2026/27,wp-daniel-keane,Daniel Keane,22,AUS,Rookie,Top 32 Professional,false,true,true,Ranking Retained,0,0,,Top 32,19,19,20,19,20,20,,,,,19,-1,72,76,74,69,72,81,42,0,38,0,0,0,,0,,,,,,,0,0,0,0,0,0,0,0,0,"{""matches"":0,""wins"":0,""losses"":0,""draws"":0,""winPercentage"":0,""eventsEntered"":0,""titles"":0,""finals"":0,""prizeMoney"":0,""points"":0}",,,,,,,,,,,,,,19,,false,false,true,,71,22,13,8,2,1,3,1,0,0,0,0,0,9,9,estimated from season exits versus eligible schedule | 9 eligible events not entered,Top 32,normal,,,true,true,false,true,0,0,0,,0,true,,mainTour,mainTour,,,true,true,
2026/27,wp-daniel-mercer,Daniel Mercer,28,AUS,Established,Top 32 Professional,false,true,true,Ranking Retained,0,0,,Top 32,20,20,21,20,21,21,,,,,20,-1,72,72,74,69,72,81,42,0,37,0,0,0,,0,,,,,,,0,0,0,0,0,0,0,0,0,"{""matches"":0,""wins"":0,""losses"":0,""draws"":0,""winPercentage"":0,""eventsEntered"":0,""titles"":0,""finals"":0,""prizeMoney"":0,""points"":0}",,,,,,,,,,,,,,20,,false,false,true,,71,22,13,8,2,1,3,1,0,0,0,0,0,9,9,estimated from season exits versus eligible schedule | 9 eligible events not entered,Top 32,normal,,,true,true,false,true,0,0,0,,0,true,,mainTour,mainTour,,,true,true,
2026/27,wp-daniel-nash,Daniel Nash,22,AUS,Rookie,Top 32 Professional,false,true,true,Ranking Retained,0,0,,Top 32,21,21,22,21,22,22,,,,,21,-1,71,75,73,68,71,80,42,0,37,0,0,0,,0,,,,,,,0,0,0,0,0,0,0,0,0,"{""matches"":0,""wins"":0,""losses"":0,""draws"":0,""winPercentage"":0,""eventsEntered"":0,""titles"":0,""finals"":0,""prizeMoney"":0,""points"":0}",,,,,,,,,,,,,,21,,false,false,true,,71,22,13,8,2,1,3,1,0,0,0,0,0,9,9,estimated from season exits versus eligible schedule | 9 eligible events not entered,Top 32,normal,,,true,true,false,true,0,0,0,,0,true,,mainTour,mainTour,,,true,true,
2026/27,wp-daniel-sloan,Daniel Sloan,23,AUS,Rookie,Top 32 Professional,false,true,true,Ranking Retained,0,0,,Top 32,22,22,23,22,23,23,,,,,22,-1,71,75,73,68,71,80,42,0,37,0,0,0,,0,,,,,,,0,0,0,0,0,0,0,0,0,"{""matches"":0,""wins"":0,""losses"":0,""draws"":0,""winPercentage"":0,""eventsEntered"":0,""titles"":0,""finals"":0,""prizeMoney"":0,""points"":0}",,,,,,,,,,,,,,22,,false,false,true,,71,22,13,8,2,1,3,1,0,0,0,0,0,9,9,estimated from season exits versus eligible schedule | 9 eligible events not entered,Top 32,normal,,,true,true,false,true,0,0,0,,0,true,,mainTour,mainTour,,,true,true,
2026/27,wp-daniel-zhou,Daniel Zhou,27,AUS,Established,Top 32 Professional,false,true,true,Ranking Retained,0,0,,Top 32,23,23,24,23,24,24,,,,,23,-1,71,72,73,68,71,80,42,0,37,0,0,0,,0,,,,,,,0,0,0,0,0,0,0,0,0,"{""matches"":0,""wins"":0,""losses"":0,""draws"":0,""winPercentage"":0,""eventsEntered"":0,""titles"":0,""finals"":0,""prizeMoney"":0,""points"":0}",,,,,,,,,,,,,,23,,false,false,true,,71,22,13,8,2,1,3,1,0,0,0,0,0,9,9,estimated from season exits versus eligible schedule | 9 eligible events not entered,Top 32,normal,,,true,true,false,true,0,0,0,,0,true,,mainTour,mainTour,,,true,true,
2026/27,wp-ethan-crane,Ethan Crane,55,SCO,Veteran,Top 32 Professional,false,true,true,Ranking Retained,0,0,,Top 32,24,24,25,24,25,25,,,,,24,-1,72,73,70,68,61,72,25,28,38,0,0,0,,0,,,,,,,0,0,0,0,0,0,0,0,0,"{""matches"":0,""wins"":0,""losses"":0,""draws"":0,""winPercentage"":0,""eventsEntered"":0,""titles"":0,""finals"":0,""prizeMoney"":0,""points"":0}",,,,,,,,,,,,,,15,,false,false,true,,71,22,13,8,2,1,3,1,0,0,0,0,0,9,9,estimated from season exits versus eligible schedule | 9 eligible events not entered,Top 32,normal,,,true,true,false,true,0,0,0,,0,true,,mainTour,mainTour,,,true,true,
2026/27,wp-ethan-dawes,Ethan Dawes,21,SCO,Rookie,Top 32 Professional,false,true,true,Ranking Retained,0,0,,Top 32,25,25,26,25,26,26,,,,,25,-1,71,76,73,68,71,80,42,0,37,0,0,0,,0,,,,,,,0,0,0,0,0,0,0,0,0,"{""matches"":0,""wins"":0,""losses"":0,""draws"":0,""winPercentage"":0,""eventsEntered"":0,""titles"":0,""finals"":0,""prizeMoney"":0,""points"":0}",,,,,,,,,,,,,,25,,false,false,true,,71,22,13,8,2,1,3,1,0,0,0,0,0,9,9,estimated from season exits versus eligible schedule | 9 eligible events not entered,Top 32,normal,,,true,true,false,true,0,0,0,,0,true,,mainTour,mainTour,,,true,true,
2026/27,wp-ethan-holt,Ethan Holt,32,SCO,Established,Top 32 Professional,false,true,true,Ranking Retained,0,0,,Top 32,26,26,27,26,27,27,,,,,26,-1,70,70,72,67,69,79,42,0,36,0,0,0,,0,,,,,,,0,0,0,0,0,0,0,0,0,"{""matches"":0,""wins"":0,""losses"":0,""draws"":0,""winPercentage"":0,""eventsEntered"":0,""titles"":0,""finals"":0,""prizeMoney"":0,""points"":0}",,,,,,,,,,,,,,26,,false,false,true,,71,22,13,8,2,1,3,1,0,0,0,0,0,9,9,estimated from season exits versus eligible schedule | 9 eligible events not entered,Top 32,normal,,,true,true,false,true,0,0,0,,0,true,,mainTour,mainTour,,,true,true,
2026/27,wp-ethan-keane,Ethan Keane,23,SCO,Rookie,Top 32 Professional,false,true,true,Ranking Retained,0,0,,Top 32,27,27,28,27,28,28,,,,,27,-1,70,74,72,67,70,79,42,0,36,0,0,0,,0,,,,,,,0,0,0,0,0,0,0,0,0,"{""matches"":0,""wins"":0,""losses"":0,""draws"":0,""winPercentage"":0,""eventsEntered"":0,""titles"":0,""finals"":0,""prizeMoney"":0,""points"":0}",,,,,,,,,,,,,,27,,false,false,true,,71,22,13,8,2,1,3,1,0,0,0,0,0,9,9,estimated from season exits versus eligible schedule | 9 eligible events not entered,Top 32,normal,,,true,true,false,true,0,0,0,,0,true,,mainTour,mainTour,,,true,true,
2026/27,wp-ethan-mercer,Ethan Mercer,25,SCO,Established,Top 32 Professional,false,true,true,Ranking Retained,0,0,,Top 32,28,28,29,28,29,29,,,,,28,-1,70,72,72,67,70,79,42,0,36,0,0,0,,0,,,,,,,0,0,0,0,0,0,0,0,0,"{""matches"":0,""wins"":0,""losses"":0,""draws"":0,""winPercentage"":0,""eventsEntered"":0,""titles"":0,""finals"":0,""prizeMoney"":0,""points"":0}",,,,,,,,,,,,,,28,,false,false,true,,71,22,13,8,2,1,3,1,0,0,0,0,0,9,9,estimated from season exits versus eligible schedule | 9 eligible events not entered,Top 32,normal,,,true,true,false,true,0,0,0,,0,true,,mainTour,mainTour,,,true,true,
2026/27,wp-ethan-nash,Ethan Nash,23,SCO,Rookie,Top 32 Professional,false,true,true,Ranking Retained,0,0,,Top 32,29,29,30,29,30,30,,,,,29,-1,70,74,72,67,70,79,42,0,36,0,0,0,,0,,,,,,,0,0,0,0,0,0,0,0,0,"{""matches"":0,""wins"":0,""losses"":0,""draws"":0,""winPercentage"":0,""eventsEntered"":0,""titles"":0,""finals"":0,""prizeMoney"":0,""points"":0}",,,,,,,,,,,,,,29,,false,false,true,,71,22,13,8,2,1,3,1,0,0,0,0,0,9,9,estimated from season exits versus eligible schedule | 9 eligible events not entered,Top 32,normal,,,true,true,false,true,0,0,0,,0,true,,mainTour,mainTour,,,true,true,
2026/27,wp-ethan-sloan,Ethan Sloan,32,SCO,Established,Top 32 Professional,false,true,true,Ranking Retained,0,0,,Top 32,30,30,31,30,31,31,,,,,30,-1,70,70,72,67,69,79,42,0,36,0,0,0,,0,,,,,,,0,0,0,0,0,0,0,0,0,"{""matches"":0,""wins"":0,""losses"":0,""draws"":0,""winPercentage"":0,""eventsEntered"":0,""titles"":0,""finals"":0,""prizeMoney"":0,""points"":0}",,,,,,,,,,,,,,30,,false,false,true,,71,22,13,8,2,1,3,1,0,0,0,0,0,9,9,estimated from season exits versus eligible schedule | 9 eligible events not entered,Top 32,normal,,,true,true,false,true,0,0,0,,0,true,,mainTour,mainTour,,,true,true,
2026/27,wp-ethan-zhou,Ethan Zhou,30,SCO,Established,Top 32 Professional,false,true,true,Ranking Retained,0,0,,Top 32,31,31,32,31,32,32,,,,,31,-1,69,69,71,66,69,78,42,0,35,0,0,0,,0,,,,,,,0,0,0,0,0,0,0,0,0,"{""matches"":0,""wins"":0,""losses"":0,""draws"":0,""winPercentage"":0,""eventsEntered"":0,""titles"":0,""finals"":0,""prizeMoney"":0,""points"":0}",,,,,,,,,,,,,,31,,false,false,true,,71,22,13,8,2,1,3,1,0,0,0,0,0,9,9,estimated from season exits versus eligible schedule | 9 eligible events not entered,Top 32,normal,,,true,true,false,true,0,0,0,,0,true,,mainTour,mainTour,,,true,true,
2026/27,wp-evan-mori,Evan Mori,15,CHN,Rookie,Tour Survivor / Top 64,false,true,true,Federation Route,1,2,2028/29,At Risk,,33,33,33,33,33,,,,,,,58,67,60,52,58,67,42,0,18,,,,,,,,,,,,,,0,0,0,0,0,0,0,"{""matches"":0,""wins"":0,""losses"":0,""draws"":0,""winPercentage"":0,""eventsEntered"":0,""titles"":0,""finals"":0,""prizeMoney"":0,""points"":0}",,,,,,,,,,,,,,,,,false,true,,71,18,11,8,3,1,0,0,0,0,0,0,0,7,7,estimated from season exits versus eligible schedule | 7 eligible events not entered,Top 64,normal,,,true,true,false,false,0,0,0,,0,false,,mainTour,mainTour,,,true,true,
2026/27,wp-finley-crane,Finley Crane,22,THA,Rookie,Tour Survivor / Top 64,false,true,true,Ranking Retained,0,0,,Top 32,32,32,34,32,34,34,,,,,32,-2,70,75,72,67,70,79,42,0,37,0,0,0,,0,,,,,,,0,0,0,0,0,0,0,0,0,"{""matches"":0,""wins"":0,""losses"":0,""draws"":0,""winPercentage"":0,""eventsEntered"":0,""titles"":0,""finals"":0,""prizeMoney"":0,""points"":0}",,,,,,,,,,,,,,22,,false,false,true,,71,18,11,8,3,1,0,0,0,0,0,0,0,7,7,estimated from season exits versus eligible schedule | 7 eligible events not entered,Top 64,normal,,,true,true,false,true,0,0,0,,0,true,,mainTour,mainTour,,,true,true,
2026/27,wp-finley-holt,Finley Holt,22,THA,Rookie,Tour Survivor / Top 64,false,true,true,Ranking Retained,0,0,,Safe,33,33,35,33,35,35,,,,,33,-2,69,73,71,66,69,78,42,0,35,0,0,0,,0,,,,,,,0,0,0,0,0,0,0,0,0,"{""matches"":0,""wins"":0,""losses"":0,""draws"":0,""winPercentage"":0,""eventsEntered"":0,""titles"":0,""finals"":0,""prizeMoney"":0,""points"":0}",,,,,,,,,,,,,,33,,false,false,true,,71,18,11,8,3,1,0,0,0,0,0,0,0,7,7,estimated from season exits versus eligible schedule | 7 eligible events not entered,Top 64,normal,,,true,true,false,true,0,0,0,,0,true,,mainTour,mainTour,,,true,true,
2026/27,wp-finley-keane,Finley Keane,26,THA,Established,Tour Survivor / Top 64,false,true,true,Ranking Retained,0,0,,Safe,34,34,36,34,36,36,,,,,34,-2,69,71,71,66,69,78,42,0,35,0,0,0,,0,,,,,,,0,0,0,0,0,0,0,0,0,"{""matches"":0,""wins"":0,""losses"":0,""draws"":0,""winPercentage"":0,""eventsEntered"":0,""titles"":0,""finals"":0,""prizeMoney"":0,""points"":0}",,,,,,,,,,,,,,34,,false,false,true,,71,18,11,8,3,1,0,0,0,0,0,0,0,7,7,estimated from season exits versus eligible schedule | 7 eligible events not entered,Top 64,normal,,,true,true,false,true,0,0,0,,0,true,,mainTour,mainTour,,,true,true,
2026/27,wp-finley-mercer,Finley Mercer,28,THA,Established,Tour Survivor / Top 64,false,true,true,Ranking Retained,0,0,,Safe,35,35,37,35,37,37,,,,,35,-2,68,68,70,65,68,77,42,0,35,0,0,0,,0,,,,,,,0,0,0,0,0,0,0,0,0,"{""matches"":0,""wins"":0,""losses"":0,""draws"":0,""winPercentage"":0,""eventsEntered"":0,""titles"":0,""finals"":0,""prizeMoney"":0,""points"":0}",,,,,,,,,,,,,,35,,false,false,true,,71,18,11,8,3,1,0,0,0,0,0,0,0,7,7,estimated from season exits versus eligible schedule | 7 eligible events not entered,Top 64,normal,,,true,true,false,true,0,0,0,,0,true,,mainTour,mainTour,,,true,true,
2026/27,wp-finley-nash,Finley Nash,49,THA,Veteran,Tour Survivor / Top 64,false,true,true,Ranking Retained,0,0,,Safe,36,36,38,36,38,38,,,,,36,-2,68,68,67,64,60,71,31,19,35,0,0,0,,0,,,,,,,0,0,0,0,0,0,0,0,0,"{""matches"":0,""wins"":0,""losses"":0,""draws"":0,""winPercentage"":0,""eventsEntered"":0,""titles"":0,""finals"":0,""prizeMoney"":0,""points"":0}",,,,,,,,,,,,,,36,,false,false,true,,71,18,11,8,3,1,0,0,0,0,0,0,0,7,7,estimated from season exits versus eligible schedule | 7 eligible events not entered,Top 64,normal,,,true,true,false,true,0,0,0,,0,true,,mainTour,mainTour,,,true,true,
2026/27,wp-finley-sloan,Finley Sloan,25,THA,Established,Tour Survivor / Top 64,false,true,true,Ranking Retained,0,0,,Safe,37,37,39,37,39,39,,,,,37,-2,68,70,70,65,68,77,42,0,34,0,0,0,,0,,,,,,,0,0,0,0,0,0,0,0,0,"{""matches"":0,""wins"":0,""losses"":0,""draws"":0,""winPercentage"":0,""eventsEntered"":0,""titles"":0,""finals"":0,""prizeMoney"":0,""points"":0}",,,,,,,,,,,,,,37,,false,false,true,,71,18,11,8,3,1,0,0,0,0,0,0,0,7,7,estimated from season exits versus eligible schedule | 7 eligible events not entered,Top 64,normal,,,true,true,false,true,0,0,0,,0,true,,mainTour,mainTour,,,true,true,
2026/27,wp-finley-zhou,Finley Zhou,33,THA,Established,Tour Survivor / Top 64,false,true,true,Ranking Retained,0,0,,Safe,38,38,40,38,40,40,,,,,38,-2,68,68,70,65,67,77,42,0,34,0,0,0,,0,,,,,,,0,0,0,0,0,0,0,0,0,"{""matches"":0,""wins"":0,""losses"":0,""draws"":0,""winPercentage"":0,""eventsEntered"":0,""titles"":0,""finals"":0,""prizeMoney"":0,""points"":0}",,,,,,,,,,,,,,38,,false,false,true,,71,18,11,8,3,1,0,0,0,0,0,0,0,7,7,estimated from season exits versus eligible schedule | 7 eligible events not entered,Top 64,normal,,,true,true,false,true,0,0,0,,0,true,,mainTour,mainTour,,,true,true,
2026/27,wp-harvey-crane,Harvey Crane,26,ENG,Established,Tour Survivor / Top 64,false,true,true,Ranking Retained,0,0,,Safe,39,39,41,39,41,41,,,,,39,-2,69,71,71,66,69,78,42,0,37,0,0,0,,0,,,,,,,0,0,0,0,0,0,0,0,0,"{""matches"":0,""wins"":0,""losses"":0,""draws"":0,""winPercentage"":0,""eventsEntered"":0,""titles"":0,""finals"":0,""prizeMoney"":0,""points"":0}",,,,,,,,,,,,,,25,,false,false,true,,71,18,11,8,3,1,0,0,0,0,0,0,0,7,7,estimated from season exits versus eligible schedule | 7 eligible events not entered,Top 64,normal,,,true,true,false,true,0,0,0,,0,true,,mainTour,mainTour,,,true,true,
2026/27,wp-harvey-holt,Harvey Holt,34,ENG,Established,Tour Survivor / Top 64,false,true,true,Ranking Retained,0,0,,Safe,40,40,42,40,42,42,,,,,40,-2,67,67,69,64,66,76,42,0,34,0,0,0,,0,,,,,,,0,0,0,0,0,0,0,0,0,"{""matches"":0,""wins"":0,""losses"":0,""draws"":0,""winPercentage"":0,""eventsEntered"":0,""titles"":0,""finals"":0,""prizeMoney"":0,""points"":0}",,,,,,,,,,,,,,40,,false,false,true,,71,18,11,8,3,1,0,0,0,0,0,0,0,7,7,estimated from season exits versus eligible schedule | 7 eligible events not entered,Top 64,normal,,,true,true,false,true,0,0,0,,0,true,,mainTour,mainTour,,,true,true,
2026/27,wp-harvey-keane,Harvey Keane,16,ENG,Rookie,Tour Survivor / Top 64,false,true,true,Ranking Retained,0,0,,Safe,41,41,43,41,43,43,,,,,41,-2,67,76,69,64,67,76,42,0,34,0,0,0,,0,,,,,,,0,0,0,0,0,0,0,0,0,"{""matches"":0,""wins"":0,""losses"":0,""draws"":0,""winPercentage"":0,""eventsEntered"":0,""titles"":0,""finals"":0,""prizeMoney"":0,""points"":0}",,,,,,,,,,,,,,41,,false,false,true,,71,18,11,8,3,1,0,0,0,0,0,0,0,7,7,estimated from season exits versus eligible schedule | 7 eligible events not entered,Top 64,normal,,,true,true,false,true,0,0,0,,0,true,,mainTour,mainTour,under18-full-main-tour-access,,false,false,under18-full-main-tour-access
2026/27,wp-harvey-mercer,Harvey Mercer,20,ENG,Rookie,Tour Survivor / Top 64,false,true,true,Ranking Retained,0,0,,Safe,42,42,44,42,44,44,,,,,42,-2,67,73,69,64,67,76,42,0,33,0,0,0,,0,,,,,,,0,0,0,0,0,0,0,0,0,"{""matches"":0,""wins"":0,""losses"":0,""draws"":0,""winPercentage"":0,""eventsEntered"":0,""titles"":0,""finals"":0,""prizeMoney"":0,""points"":0}",,,,,,,,,,,,,,42,,false,false,true,,71,18,11,8,3,1,0,0,0,0,0,0,0,7,7,estimated from season exits versus eligible schedule | 7 eligible events not entered,Top 64,normal,,,true,true,false,true,0,0,0,,0,true,,mainTour,mainTour,,,true,true,
2026/27,wp-harvey-nash,Harvey Nash,20,ENG,Rookie,Tour Survivor / Top 64,false,true,true,Ranking Retained,0,0,,Safe,43,43,45,43,45,45,,,,,43,-2,67,73,69,64,67,76,42,0,33,0,0,0,,0,,,,,,,0,0,0,0,0,0,0,0,0,"{""matches"":0,""wins"":0,""losses"":0,""draws"":0,""winPercentage"":0,""eventsEntered"":0,""titles"":0,""finals"":0,""prizeMoney"":0,""points"":0}",,,,,,,,,,,,,,43,,false,false,true,,71,18,11,8,3,1,0,0,0,0,0,0,0,7,7,estimated from season exits versus eligible schedule | 7 eligible events not entered,Top 64,normal,,,true,true,false,true,0,0,0,,0,true,,mainTour,mainTour,,,true,true,
2026/27,wp-harvey-sloan,Harvey Sloan,19,ENG,Rookie,Tour Survivor / Top 64,false,true,true,Ranking Retained,0,0,,Safe,44,44,46,44,46,46,,,,,44,-2,67,73,69,64,67,76,42,0,33,0,0,0,,0,,,,,,,0,0,0,0,0,0,0,0,0,"{""matches"":0,""wins"":0,""losses"":0,""draws"":0,""winPercentage"":0,""eventsEntered"":0,""titles"":0,""finals"":0,""prizeMoney"":0,""points"":0}",,,,,,,,,,,,,,44,,false,false,true,,71,18,11,8,3,1,0,0,0,0,0,0,0,7,7,estimated from season exits versus eligible schedule | 7 eligible events not entered,Top 64,normal,,,true,true,false,true,0,0,0,,0,true,,mainTour,mainTour,,,true,true,
2026/27,wp-harvey-zhou,Harvey Zhou,32,ENG,Established,Tour Survivor / Top 64,false,true,true,Ranking Retained,0,0,,Safe,45,45,47,45,47,47,,,,,45,-2,67,67,69,64,66,76,42,0,34,0,0,0,,0,,,,,,,0,0,0,0,0,0,0,0,0,"{""matches"":0,""wins"":0,""losses"":0,""draws"":0,""winPercentage"":0,""eventsEntered"":0,""titles"":0,""finals"":0,""prizeMoney"":0,""points"":0}",,,,,,,,,,,,,,41,,false,false,true,,71,18,11,8,3,1,0,0,0,0,0,0,0,7,7,estimated from season exits versus eligible schedule | 7 eligible events not entered,Top 64,normal,,,true,true,false,true,0,0,0,,0,true,,mainTour,mainTour,,,true,true,
2026/27,wp-hugo-cairn,Hugo Cairn,34,GER,Established,Tour Survivor / Top 64,false,true,true,Ranking Retained,0,0,,Safe,46,46,48,46,48,48,,,,,46,-2,71,73,73,69,70,80,42,0,40,0,0,0,,0,,,,,,,0,0,0,0,0,0,0,0,0,"{""matches"":0,""wins"":0,""losses"":0,""draws"":0,""winPercentage"":0,""eventsEntered"":0,""titles"":0,""finals"":0,""prizeMoney"":0,""points"":0}",,,,,,,,,,,,,,7,,false,false,true,,71,18,11,8,3,1,0,0,0,0,0,0,0,7,7,estimated from season exits versus eligible schedule | 7 eligible events not entered,Top 64,normal,,,true,true,false,true,0,0,0,,0,true,,mainTour,mainTour,,,true,true,
2026/27,wp-jamie-crane,Jamie Crane,33,NIR,Established,Tour Survivor / Top 64,false,true,true,Ranking Retained,0,0,,Safe,47,47,49,47,49,49,,,,,47,-2,70,72,72,67,69,79,42,0,38,0,0,0,,0,,,,,,,0,0,0,0,0,0,0,0,0,"{""matches"":0,""wins"":0,""losses"":0,""draws"":0,""winPercentage"":0,""eventsEntered"":0,""titles"":0,""finals"":0,""prizeMoney"":0,""points"":0}",,,,,,,,,,,,,,16,,false,false,true,,71,18,11,8,3,1,0,0,0,0,0,0,0,7,7,estimated from season exits versus eligible schedule | 7 eligible events not entered,Top 64,normal,,,true,true,false,true,0,0,0,,0,true,,mainTour,mainTour,,,true,true,
2026/27,wp-jamie-holt,Jamie Holt,25,NIR,Established,Tour Survivor / Top 64,false,true,true,Ranking Retained,0,0,,Safe,48,48,50,48,50,50,,,,,48,-2,66,68,68,63,66,75,42,0,32,0,0,0,,0,,,,,,,0,0,0,0,0,0,0,0,0,"{""matches"":0,""wins"":0,""losses"":0,""draws"":0,""winPercentage"":0,""eventsEntered"":0,""titles"":0,""finals"":0,""prizeMoney"":0,""points"":0}",,,,,,,,,,,,,,48,,false,false,true,,71,18,11,8,3,1,0,0,0,0,0,0,0,7,7,estimated from season exits versus eligible schedule | 7 eligible events not entered,Top 64,normal,,,true,true,false,true,0,0,0,,0,true,,mainTour,mainTour,,,true,true,
2026/27,wp-jamie-keane,Jamie Keane,25,NIR,Established,Tour Survivor / Top 64,false,true,true,Ranking Retained,0,0,,Safe,49,49,51,49,51,51,,,,,49,-2,66,68,68,63,66,75,42,0,32,0,0,0,,0,,,,,,,0,0,0,0,0,0,0,0,0,"{""matches"":0,""wins"":0,""losses"":0,""draws"":0,""winPercentage"":0,""eventsEntered"":0,""titles"":0,""finals"":0,""prizeMoney"":0,""points"":0}",,,,,,,,,,,,,,49,,false,false,true,,71,18,11,8,3,1,0,0,0,0,0,0,0,7,7,estimated from season exits versus eligible schedule | 7 eligible events not entered,Top 64,normal,,,true,true,false,true,0,0,0,,0,true,,mainTour,mainTour,,,true,true,
2026/27,wp-jamie-mercer,Jamie Mercer,19,NIR,Rookie,Tour Survivor / Top 64,false,true,true,Ranking Retained,0,0,,Safe,50,50,52,50,52,52,,,,,50,-2,65,71,67,62,65,74,42,0,32,0,0,0,,0,,,,,,,0,0,0,0,0,0,0,0,0,"{""matches"":0,""wins"":0,""losses"":0,""draws"":0,""winPercentage"":0,""eventsEntered"":0,""titles"":0,""finals"":0,""prizeMoney"":0,""points"":0}",,,,,,,,,,,,,,50,,false,false,true,,71,18,11,8,3,1,0,0,0,0,0,0,0,7,7,estimated from season exits versus eligible schedule | 7 eligible events not entered,Top 64,normal,,,true,true,false,true,0,0,0,,0,true,,mainTour,mainTour,,,true,true,
2026/27,wp-jamie-nash,Jamie Nash,45,NIR,Veteran,Tour Survivor / Top 64,false,true,true,Ranking Retained,0,0,,Safe,51,51,53,51,53,53,,,,,51,-2,65,65,65,61,59,71,35,12,32,0,0,0,,0,,,,,,,0,0,0,0,0,0,0,0,0,"{""matches"":0,""wins"":0,""losses"":0,""draws"":0,""winPercentage"":0,""eventsEntered"":0,""titles"":0,""finals"":0,""prizeMoney"":0,""points"":0}",,,,,,,,,,,,,,51,,false,false,true,,71,18,11,8,3,1,0,0,0,0,0,0,0,7,7,estimated from season exits versus eligible schedule | 7 eligible events not entered,Top 64,normal,,,true,true,false,true,0,0,0,,0,true,,mainTour,mainTour,,,true,true,
2026/27,wp-jamie-sloan,Jamie Sloan,32,NIR,Established,Tour Survivor / Top 64,false,true,true,Ranking Retained,0,0,,Safe,52,52,54,52,54,54,,,,,52,-2,65,65,67,62,64,74,42,0,32,0,0,0,,0,,,,,,,0,0,0,0,0,0,0,0,0,"{""matches"":0,""wins"":0,""losses"":0,""draws"":0,""winPercentage"":0,""eventsEntered"":0,""titles"":0,""finals"":0,""prizeMoney"":0,""points"":0}",,,,,,,,,,,,,,52,,false,false,true,,71,18,11,8,3,1,0,0,0,0,0,0,0,7,7,estimated from season exits versus eligible schedule | 7 eligible events not entered,Top 64,normal,,,true,true,false,true,0,0,0,,0,true,,mainTour,mainTour,,,true,true,
2026/27,wp-jamie-zhou,Jamie Zhou,23,NIR,Rookie,Tour Survivor / Top 64,false,true,true,Ranking Retained,0,0,,Safe,53,53,55,53,55,55,,,,,53,-2,67,72,69,64,67,76,42,0,35,0,0,0,,0,,,,,,,0,0,0,0,0,0,0,0,0,"{""matches"":0,""wins"":0,""losses"":0,""draws"":0,""winPercentage"":0,""eventsEntered"":0,""titles"":0,""finals"":0,""prizeMoney"":0,""points"":0}",,,,,,,,,,,,,,32,,false,false,true,,71,18,11,8,3,1,0,0,0,0,0,0,0,7,7,estimated from season exits versus eligible schedule | 7 eligible events not entered,Top 64,normal,,,true,true,false,true,0,0,0,,0,true,,mainTour,mainTour,,,true,true,
2026/27,wp-jon-hart,Jon Hart,28,ENG,Established,Tour Survivor / Top 64,false,true,true,Ranking Retained,0,0,,Safe,54,54,56,54,56,56,,,,,54,-2,70,72,72,68,70,79,42,0,39,0,0,0,,0,,,,,,,0,0,0,0,0,0,0,0,0,"{""matches"":0,""wins"":0,""losses"":0,""draws"":0,""winPercentage"":0,""eventsEntered"":0,""titles"":0,""finals"":0,""prizeMoney"":0,""points"":0}",,,,,,,,,,,,,,10,,false,false,true,,71,18,11,8,3,1,0,0,0,0,0,0,0,7,7,estimated from season exits versus eligible schedule | 7 eligible events not entered,Top 64,normal,,,true,true,false,true,0,0,0,,0,true,,mainTour,mainTour,,,true,true,
2026/27,wp-kai-pryce,Kai Pryce,15,AUS,Rookie,Tour Survivor / Top 64,false,true,true,Federation Route,1,2,2028/29,At Risk,,57,57,57,57,57,,,,,,,56,65,58,50,56,65,42,0,18,,,,,,,,,,,,,,0,0,0,0,0,0,0,"{""matches"":0,""wins"":0,""losses"":0,""draws"":0,""winPercentage"":0,""eventsEntered"":0,""titles"":0,""finals"":0,""prizeMoney"":0,""points"":0}",,,,,,,,,,,,,,,,,false,true,,71,18,11,8,3,1,0,0,0,0,0,0,0,7,7,estimated from season exits versus eligible schedule | 7 eligible events not entered,Top 64,normal,,,true,true,false,false,0,0,0,,0,false,,mainTour,mainTour,,,true,true,
2026/27,wp-kian-crane,Kian Crane,24,NED,Rookie,Tour Survivor / Top 64,false,true,true,Ranking Retained,0,0,,Safe,55,55,58,55,58,58,,,,,55,-3,69,74,71,66,69,78,42,0,37,0,0,0,,0,,,,,,,0,0,0,0,0,0,0,0,0,"{""matches"":0,""wins"":0,""losses"":0,""draws"":0,""winPercentage"":0,""eventsEntered"":0,""titles"":0,""finals"":0,""prizeMoney"":0,""points"":0}",,,,,,,,,,,,,,20,,false,false,true,,71,18,11,8,3,1,0,0,0,0,0,0,0,7,7,estimated from season exits versus eligible schedule | 7 eligible events not entered,Top 64,normal,,,true,true,false,true,0,0,0,,0,true,,mainTour,mainTour,,,true,true,
2026/27,wp-kian-holt,Kian Holt,23,NED,Rookie,Tour Survivor / Top 64,false,true,true,Ranking Retained,0,0,,Safe,56,56,59,56,59,59,,,,,56,-3,65,69,67,62,65,74,42,0,32,0,0,0,,0,,,,,,,0,0,0,0,0,0,0,0,0,"{""matches"":0,""wins"":0,""losses"":0,""draws"":0,""winPercentage"":0,""eventsEntered"":0,""titles"":0,""finals"":0,""prizeMoney"":0,""points"":0}",,,,,,,,,,,,,,52,,false,false,true,,71,18,11,8,3,1,0,0,0,0,0,0,0,7,7,estimated from season exits versus eligible schedule | 7 eligible events not entered,Top 64,normal,,,true,true,false,true,0,0,0,,0,true,,mainTour,mainTour,,,true,true,
2026/27,wp-kian-keane,Kian Keane,28,NED,Established,Tour Survivor / Top 64,false,true,true,Ranking Retained,0,0,,Safe,57,57,60,57,60,60,,,,,57,-3,64,64,66,60,64,73,42,0,31,0,0,0,,0,,,,,,,0,0,0,0,0,0,0,0,0,"{""matches"":0,""wins"":0,""losses"":0,""draws"":0,""winPercentage"":0,""eventsEntered"":0,""titles"":0,""finals"":0,""prizeMoney"":0,""points"":0}",,,,,,,,,,,,,,57,,false,false,true,,71,18,11,8,3,1,0,0,0,0,0,0,0,7,7,estimated from season exits versus eligible schedule | 7 eligible events not entered,Top 64,normal,,,true,true,false,true,0,0,0,,0,true,,mainTour,mainTour,,,true,true,
2026/27,wp-kian-mercer,Kian Mercer,22,NED,Rookie,Tour Survivor / Top 64,false,true,true,Ranking Retained,0,0,,Safe,58,58,61,58,61,61,,,,,58,-3,64,68,66,60,64,73,42,0,31,0,0,0,,0,,,,,,,0,0,0,0,0,0,0,0,0,"{""matches"":0,""wins"":0,""losses"":0,""draws"":0,""winPercentage"":0,""eventsEntered"":0,""titles"":0,""finals"":0,""prizeMoney"":0,""points"":0}",,,,,,,,,,,,,,58,,false,false,true,,71,18,11,8,3,1,0,0,0,0,0,0,0,7,7,estimated from season exits versus eligible schedule | 7 eligible events not entered,Top 64,normal,,,true,true,false,true,0,0,0,,0,true,,mainTour,mainTour,,,true,true,
2026/27,wp-kian-nash,Kian Nash,32,NED,Established,Tour Survivor / Top 64,false,true,true,Ranking Retained,0,0,,Safe,59,59,62,59,62,62,,,,,59,-3,64,64,66,60,63,73,42,0,30,0,0,0,,0,,,,,,,0,0,0,0,0,0,0,0,0,"{""matches"":0,""wins"":0,""losses"":0,""draws"":0,""winPercentage"":0,""eventsEntered"":0,""titles"":0,""finals"":0,""prizeMoney"":0,""points"":0}",,,,,,,,,,,,,,59,,false,false,true,,71,18,11,8,3,1,0,0,0,0,0,0,0,7,7,estimated from season exits versus eligible schedule | 7 eligible events not entered,Top 64,normal,,,true,true,false,true,0,0,0,,0,true,,mainTour,mainTour,,,true,true,
2026/27,wp-kian-sloan,Kian Sloan,23,NED,Rookie,Tour Survivor / Top 64,false,true,true,Ranking Retained,0,0,,Safe,60,60,63,60,63,63,,,,,60,-3,63,67,65,59,63,72,42,0,30,0,0,0,,0,,,,,,,0,0,0,0,0,0,0,0,0,"{""matches"":0,""wins"":0,""losses"":0,""draws"":0,""winPercentage"":0,""eventsEntered"":0,""titles"":0,""finals"":0,""prizeMoney"":0,""points"":0}",,,,,,,,,,,,,,60,,false,false,true,,71,18,11,8,3,1,0,0,0,0,0,0,0,7,7,estimated from season exits versus eligible schedule | 7 eligible events not entered,Top 64,normal,,,true,true,false,true,0,0,0,,0,true,,mainTour,mainTour,,,true,true,
2026/27,wp-kian-zhou,Kian Zhou,25,NED,Established,Tour Survivor / Top 64,false,true,true,Ranking Retained,0,0,,Safe,61,61,64,61,64,64,,,,,61,-3,66,70,68,63,66,75,42,0,35,0,0,0,,0,,,,,,,0,0,0,0,0,0,0,0,0,"{""matches"":0,""wins"":0,""losses"":0,""draws"":0,""winPercentage"":0,""eventsEntered"":0,""titles"":0,""finals"":0,""prizeMoney"":0,""points"":0}",,,,,,,,,,,,,,36,,false,false,true,,71,18,11,8,3,1,0,0,0,0,0,0,0,7,7,estimated from season exits versus eligible schedule | 7 eligible events not entered,Top 64,normal,,,true,true,false,true,0,0,0,,0,true,,mainTour,mainTour,,,true,true,
2026/27,wp-leo-crane,Leo Crane,29,POL,Established,Bottom Tour / At Risk,false,true,true,Ranking Retained,0,0,,Safe,62,62,65,62,65,65,,,,,62,-3,68,70,70,65,68,77,42,0,37,0,0,0,,0,,,,,,,0,0,0,0,0,0,0,0,0,"{""matches"":0,""wins"":0,""losses"":0,""draws"":0,""winPercentage"":0,""eventsEntered"":0,""titles"":0,""finals"":0,""prizeMoney"":0,""points"":0}",,,,,,,,,,,,,,21,,false,false,true,,71,18,9,2,7,1,0,0,0,0,0,0,0,9,9,estimated from season exits versus eligible schedule | 9 eligible events not entered,Bottom Tour 65-128,normal,,,true,true,false,true,0,0,0,,0,true,,mainTour,mainTour,,,true,true,
2026/27,wp-leo-holt,Leo Holt,31,POL,Established,Bottom Tour / At Risk,false,true,true,Ranking Retained,0,0,,Safe,63,63,66,63,66,66,,,,,63,-3,64,65,66,61,64,73,42,0,32,0,0,0,,0,,,,,,,0,0,0,0,0,0,0,0,0,"{""matches"":0,""wins"":0,""losses"":0,""draws"":0,""winPercentage"":0,""eventsEntered"":0,""titles"":0,""finals"":0,""prizeMoney"":0,""points"":0}",,,,,,,,,,,,,,53,,false,false,true,,71,18,9,2,7,1,0,0,0,0,0,0,0,9,9,estimated from season exits versus eligible schedule | 9 eligible events not entered,Bottom Tour 65-128,normal,,,true,true,false,true,0,0,0,,0,true,,mainTour,mainTour,,,true,true,
2026/27,wp-leo-keane,Leo Keane,21,POL,Rookie,Bottom Tour / At Risk,false,true,true,Ranking Retained,0,0,,Safe,64,64,67,64,67,67,,,,,64,-3,63,68,65,59,63,72,42,0,30,0,0,0,,0,,,,,,,0,0,0,0,0,0,0,0,0,"{""matches"":0,""wins"":0,""losses"":0,""draws"":0,""winPercentage"":0,""eventsEntered"":0,""titles"":0,""finals"":0,""prizeMoney"":0,""points"":0}",,,,,,,,,,,,,,64,,false,false,true,,71,18,9,2,7,1,0,0,0,0,0,0,0,9,9,estimated from season exits versus eligible schedule | 9 eligible events not entered,Bottom Tour 65-128,normal,,,true,true,false,true,0,0,0,,0,true,,mainTour,mainTour,,,true,true,
2026/27,wp-leo-mercer,Leo Mercer,23,POL,Rookie,Rookie Pro / Bubble,false,true,true,Playoff Route,1,2,2028/29,At Risk,65,65,68,65,68,68,,,,,65,-3,62,66,64,58,62,71,42,0,29,0,0,0,,0,,,,,,,0,0,0,0,0,0,0,0,0,"{""matches"":0,""wins"":0,""losses"":0,""draws"":0,""winPercentage"":0,""eventsEntered"":0,""titles"":0,""finals"":0,""prizeMoney"":0,""points"":0}",,,,,,,,,,,,,,65,,false,false,true,,71,18,9,2,7,1,0,0,0,0,0,0,0,9,9,estimated from season exits versus eligible schedule | 9 eligible events not entered,Rookie Pro,normal,,,true,true,false,true,0,0,0,,0,true,,mainTour,mainTour,,,true,true,
2026/27,wp-leo-nash,Leo Nash,23,POL,Rookie,Rookie Pro / Bubble,false,true,true,Playoff Route,1,2,2028/29,At Risk,66,66,69,66,69,69,,,,,66,-3,62,66,64,58,62,71,42,0,29,0,0,0,,0,,,,,,,0,0,0,0,0,0,0,0,0,"{""matches"":0,""wins"":0,""losses"":0,""draws"":0,""winPercentage"":0,""eventsEntered"":0,""titles"":0,""finals"":0,""prizeMoney"":0,""points"":0}",,,,,,,,,,,,,,66,,false,false,true,,71,18,9,2,7,1,0,0,0,0,0,0,0,9,9,estimated from season exits versus eligible schedule | 9 eligible events not entered,Rookie Pro,normal,,,true,true,false,true,0,0,0,,0,true,,mainTour,mainTour,,,true,true,
2026/27,wp-leo-sloan,Leo Sloan,22,POL,Rookie,Rookie Pro / Bubble,false,true,true,Playoff Route,1,2,2028/29,At Risk,67,67,70,67,70,70,,,,,67,-3,62,66,64,58,62,71,42,0,29,0,0,0,,0,,,,,,,0,0,0,0,0,0,0,0,0,"{""matches"":0,""wins"":0,""losses"":0,""draws"":0,""winPercentage"":0,""eventsEntered"":0,""titles"":0,""finals"":0,""prizeMoney"":0,""points"":0}",,,,,,,,,,,,,,67,,false,false,true,,71,18,9,2,7,1,0,0,0,0,0,0,0,9,9,estimated from season exits versus eligible schedule | 9 eligible events not entered,Rookie Pro,normal,,,true,true,false,true,0,0,0,,0,true,,mainTour,mainTour,,,true,true,
2026/27,wp-lewis-crane,Lewis Crane,34,CHN,Established,Rookie Pro / Bubble,false,true,true,Federation Route,1,2,2028/29,At Risk,69,69,71,69,71,71,,,,,69,-2,67,69,69,64,66,76,42,0,36,0,0,0,,0,,,,,,,0,0,0,0,0,0,0,0,0,"{""matches"":0,""wins"":0,""losses"":0,""draws"":0,""winPercentage"":0,""eventsEntered"":0,""titles"":0,""finals"":0,""prizeMoney"":0,""points"":0}",,,,,,,,,,,,,,26,,false,false,true,,71,18,9,2,7,1,0,0,0,0,0,0,0,9,9,estimated from season exits versus eligible schedule | 9 eligible events not entered,Rookie Pro,normal,,,true,true,false,true,0,0,0,,0,true,,mainTour,mainTour,,,true,true,
2026/27,wp-lewis-keane,Lewis Keane,21,CHN,Rookie,Rookie Pro / Bubble,false,true,true,Playoff Route,1,2,2028/29,At Risk,71,71,72,71,72,72,,,,,71,-1,61,66,63,57,61,70,42,0,28,0,0,0,,0,,,,,,,0,0,0,0,0,0,0,0,0,"{""matches"":0,""wins"":0,""losses"":0,""draws"":0,""winPercentage"":0,""eventsEntered"":0,""titles"":0,""finals"":0,""prizeMoney"":0,""points"":0}",,,,,,,,,,,,,,71,,false,false,true,,71,18,9,2,7,1,0,0,0,0,0,0,0,9,9,estimated from season exits versus eligible schedule | 9 eligible events not entered,Rookie Pro,normal,,,true,true,false,true,0,0,0,,0,true,,mainTour,mainTour,,,true,true,
2026/27,wp-lewis-mercer,Lewis Mercer,23,CHN,Rookie,Rookie Pro / Bubble,false,true,true,Playoff Route,1,2,2028/29,At Risk,72,72,73,72,73,73,,,,,72,-1,61,65,63,57,61,70,42,0,28,0,0,0,,0,,,,,,,0,0,0,0,0,0,0,0,0,"{""matches"":0,""wins"":0,""losses"":0,""draws"":0,""winPercentage"":0,""eventsEntered"":0,""titles"":0,""finals"":0,""prizeMoney"":0,""points"":0}",,,,,,,,,,,,,,72,,false,false,true,,71,18,9,2,7,1,0,0,0,0,0,0,0,9,9,estimated from season exits versus eligible schedule | 9 eligible events not entered,Rookie Pro,normal,,,true,true,false,true,0,0,0,,0,true,,mainTour,mainTour,,,true,true,
2026/27,wp-lewis-nash,Lewis Nash,21,CHN,Rookie,Rookie Pro / Bubble,false,true,true,Playoff Route,1,2,2028/29,At Risk,73,73,74,73,74,74,,,,,73,-1,61,66,63,57,61,70,42,0,28,0,0,0,,0,,,,,,,0,0,0,0,0,0,0,0,0,"{""matches"":0,""wins"":0,""losses"":0,""draws"":0,""winPercentage"":0,""eventsEntered"":0,""titles"":0,""finals"":0,""prizeMoney"":0,""points"":0}",,,,,,,,,,,,,,73,,false,false,true,,71,18,9,2,7,1,0,0,0,0,0,0,0,9,9,estimated from season exits versus eligible schedule | 9 eligible events not entered,Rookie Pro,normal,,,true,true,false,true,0,0,0,,0,true,,mainTour,mainTour,,,true,true,
2026/27,wp-lewis-sloan,Lewis Sloan,18,CHN,Rookie,Rookie Pro / Bubble,false,true,true,Federation Route,1,2,2028/29,At Risk,74,74,75,74,75,75,,,,,74,-1,61,68,63,57,61,70,42,0,28,0,0,0,,0,,,,,,,0,0,0,0,0,0,0,0,0,"{""matches"":0,""wins"":0,""losses"":0,""draws"":0,""winPercentage"":0,""eventsEntered"":0,""titles"":0,""finals"":0,""prizeMoney"":0,""points"":0}",,,,,,,,,,,,,,74,,false,false,true,,71,18,9,2,7,1,0,0,0,0,0,0,0,9,9,estimated from season exits versus eligible schedule | 9 eligible events not entered,Rookie Pro,normal,,,true,true,false,true,0,0,0,,0,true,,mainTour,mainTour,,,true,true,
2026/27,wp-lewis-zhou,Lewis Zhou,31,CHN,Established,Rookie Pro / Bubble,false,true,true,Federation Route,1,2,2028/29,At Risk,75,75,76,75,76,76,,,,,75,-1,64,66,66,61,64,73,42,0,33,0,0,0,,0,,,,,,,0,0,0,0,0,0,0,0,0,"{""matches"":0,""wins"":0,""losses"":0,""draws"":0,""winPercentage"":0,""eventsEntered"":0,""titles"":0,""finals"":0,""prizeMoney"":0,""points"":0}",,,,,,,,,,,,,,42,,false,false,true,,71,18,9,2,7,1,0,0,0,0,0,0,0,9,9,estimated from season exits versus eligible schedule | 9 eligible events not entered,Rookie Pro,normal,,,true,true,false,true,0,0,0,,0,true,,mainTour,mainTour,,,true,true,
2026/27,wp-liam-crane,Liam Crane,32,CHN,Established,Rookie Pro / Bubble,false,true,true,Federation Route,1,2,2028/29,At Risk,76,76,77,76,77,77,,,,,76,-1,68,71,70,66,67,77,42,0,39,0,0,0,,0,,,,,,,0,0,0,0,0,0,0,0,0,"{""matches"":0,""wins"":0,""losses"":0,""draws"":0,""winPercentage"":0,""eventsEntered"":0,""titles"":0,""finals"":0,""prizeMoney"":0,""points"":0}",,,,,,,,,,,,,,13,,false,false,true,,71,18,9,2,7,1,0,0,0,0,0,0,0,9,9,estimated from season exits versus eligible schedule | 9 eligible events not entered,Rookie Pro,normal,,,true,true,false,true,0,0,0,,0,true,,mainTour,mainTour,,,true,true,
2026/27,wp-liam-dawes,Liam Dawes,26,CHN,Established,Rookie Pro / Bubble,false,true,true,Playoff Route,1,2,2028/29,At Risk,77,77,78,77,78,78,,,,,77,-1,60,61,62,56,60,69,42,0,27,0,0,0,,0,,,,,,,0,0,0,0,0,0,0,0,0,"{""matches"":0,""wins"":0,""losses"":0,""draws"":0,""winPercentage"":0,""eventsEntered"":0,""titles"":0,""finals"":0,""prizeMoney"":0,""points"":0}",,,,,,,,,,,,,,77,,false,false,true,,71,18,9,2,7,1,0,0,0,0,0,0,0,9,9,estimated from season exits versus eligible schedule | 9 eligible events not entered,Rookie Pro,normal,,,true,true,false,true,0,0,0,,0,true,,mainTour,mainTour,,,true,true,
2026/27,wp-liam-holt,Liam Holt,29,CHN,Established,Rookie Pro / Bubble,false,true,true,Federation Route,1,2,2028/29,At Risk,78,78,79,78,79,79,,,,,78,-1,64,66,66,61,64,73,42,0,33,0,0,0,,0,,,,,,,0,0,0,0,0,0,0,0,0,"{""matches"":0,""wins"":0,""losses"":0,""draws"":0,""winPercentage"":0,""eventsEntered"":0,""titles"":0,""finals"":0,""prizeMoney"":0,""points"":0}",,,,,,,,,,,,,,45,,false,false,true,,71,18,9,2,7,1,0,0,0,0,0,0,0,9,9,estimated from season exits versus eligible schedule | 9 eligible events not entered,Rookie Pro,normal,,,true,true,false,true,0,0,0,,0,true,,mainTour,mainTour,,,true,true,
2026/27,wp-liam-keane,Liam Keane,28,CHN,Established,Rookie Pro / Bubble,false,true,true,Federation Route,1,2,2028/29,At Risk,79,79,80,79,80,80,,,,,79,-1,60,60,62,56,60,69,42,0,27,0,0,0,,0,,,,,,,0,0,0,0,0,0,0,0,0,"{""matches"":0,""wins"":0,""losses"":0,""draws"":0,""winPercentage"":0,""eventsEntered"":0,""titles"":0,""finals"":0,""prizeMoney"":0,""points"":0}",,,,,,,,,,,,,,79,,false,false,true,,71,18,9,2,7,1,0,0,0,0,0,0,0,9,9,estimated from season exits versus eligible schedule | 9 eligible events not entered,Rookie Pro,normal,,,true,true,false,true,0,0,0,,0,true,,mainTour,mainTour,,,true,true,
2026/27,wp-liam-nash,Liam Nash,28,CHN,Established,Rookie Pro / Bubble,false,true,true,Federation Route,1,2,2028/29,At Risk,81,81,81,81,81,81,,,,,81,0,59,59,61,55,59,68,42,0,26,0,0,0,,0,,,,,,,0,0,0,0,0,0,0,0,0,"{""matches"":0,""wins"":0,""losses"":0,""draws"":0,""winPercentage"":0,""eventsEntered"":0,""titles"":0,""finals"":0,""prizeMoney"":0,""points"":0}",,,,,,,,,,,,,,81,,false,false,true,,71,18,9,2,7,1,0,0,0,0,0,0,0,9,9,estimated from season exits versus eligible schedule | 9 eligible events not entered,Rookie Pro,normal,,,true,true,false,false,0,0,0,,0,false,,mainTour,mainTour,,,true,true,
2026/27,wp-liam-sloan,Liam Sloan,26,CHN,Established,Rookie Pro / Bubble,false,true,true,Playoff Route,1,2,2028/29,At Risk,82,82,82,82,82,82,,,,,82,0,62,64,64,58,62,71,42,0,30,0,0,0,,0,,,,,,,0,0,0,0,0,0,0,0,0,"{""matches"":0,""wins"":0,""losses"":0,""draws"":0,""winPercentage"":0,""eventsEntered"":0,""titles"":0,""finals"":0,""prizeMoney"":0,""points"":0}",,,,,,,,,,,,,,61,,false,false,true,,71,18,9,2,7,1,0,0,0,0,0,0,0,9,9,estimated from season exits versus eligible schedule | 9 eligible events not entered,Rookie Pro,normal,,,true,true,false,false,0,0,0,,0,false,,mainTour,mainTour,,,true,true,
2026/27,wp-liam-zhou,Liam Zhou,27,CHN,Established,Rookie Pro / Bubble,false,true,true,Playoff Route,1,2,2028/29,At Risk,83,83,83,83,83,83,,,,,83,0,65,68,67,62,65,74,42,0,36,0,0,0,,0,,,,,,,0,0,0,0,0,0,0,0,0,"{""matches"":0,""wins"":0,""losses"":0,""draws"":0,""winPercentage"":0,""eventsEntered"":0,""titles"":0,""finals"":0,""prizeMoney"":0,""points"":0}",,,,,,,,,,,,,,29,,false,false,true,,71,18,9,2,7,1,0,0,0,0,0,0,0,9,9,estimated from season exits versus eligible schedule | 9 eligible events not entered,Rookie Pro,normal,,,true,true,false,false,0,0,0,,0,false,,mainTour,mainTour,,,true,true,
2026/27,wp-luca-mercer,Luca Mercer,14,THA,Rookie,Rookie Pro / Bubble,false,true,true,Federation Route,1,2,2028/29,At Risk,,84,84,84,84,84,,,,,,,54,64,56,48,54,63,42,0,18,,,,,,,,,,,,,,0,0,0,0,0,0,0,"{""matches"":0,""wins"":0,""losses"":0,""draws"":0,""winPercentage"":0,""eventsEntered"":0,""titles"":0,""finals"":0,""prizeMoney"":0,""points"":0}",,,,,,,,,,,,,,,,,false,true,,71,18,9,2,7,1,0,0,0,0,0,0,0,9,9,estimated from season exits versus eligible schedule | 9 eligible events not entered,Rookie Pro,normal,,,true,true,false,false,0,0,0,,0,false,,mainTour,mainTour,,,true,true,
2026/27,wp-luca-wren,Luca Wren,31,SCO,Established,Rookie Pro / Bubble,false,true,true,Federation Route,1,2,2028/29,At Risk,84,84,85,84,85,85,,,,,84,-1,68,72,70,66,68,77,42,0,40,0,0,0,,0,,,,,,,0,0,0,0,0,0,0,0,0,"{""matches"":0,""wins"":0,""losses"":0,""draws"":0,""winPercentage"":0,""eventsEntered"":0,""titles"":0,""finals"":0,""prizeMoney"":0,""points"":0}",,,,,,,,,,,,,,4,,false,false,true,,71,18,9,2,7,1,0,0,0,0,0,0,0,9,9,estimated from season exits versus eligible schedule | 9 eligible events not entered,Rookie Pro,normal,,,true,true,false,true,0,0,0,,0,true,,mainTour,mainTour,,,true,true,
2026/27,wp-marcus-crane,Marcus Crane,34,WAL,Established,Rookie Pro / Bubble,false,true,true,Federation Route,1,2,2028/29,At Risk,85,85,86,85,86,86,,,,,85,-1,67,71,69,65,66,76,42,0,39,0,0,0,,0,,,,,,,0,0,0,0,0,0,0,0,0,"{""matches"":0,""wins"":0,""losses"":0,""draws"":0,""winPercentage"":0,""eventsEntered"":0,""titles"":0,""finals"":0,""prizeMoney"":0,""points"":0}",,,,,,,,,,,,,,14,,false,false,true,,71,18,9,2,7,1,0,0,0,0,0,0,0,9,9,estimated from season exits versus eligible schedule | 9 eligible events not entered,Rookie Pro,normal,,,true,true,false,true,0,0,0,,0,true,,mainTour,mainTour,,,true,true,
2026/27,wp-marcus-dawes,Marcus Dawes,28,WAL,Established,Rookie Pro / Bubble,false,true,true,Federation Route,1,2,2028/29,At Risk,86,86,87,86,87,87,,,,,86,-1,58,58,60,54,58,67,42,0,26,0,0,0,,0,,,,,,,0,0,0,0,0,0,0,0,0,"{""matches"":0,""wins"":0,""losses"":0,""draws"":0,""winPercentage"":0,""eventsEntered"":0,""titles"":0,""finals"":0,""prizeMoney"":0,""points"":0}",,,,,,,,,,,,,,86,,false,false,true,,71,18,9,2,7,1,0,0,0,0,0,0,0,9,9,estimated from season exits versus eligible schedule | 9 eligible events not entered,Rookie Pro,normal,,,true,true,false,true,0,0,0,,0,true,,mainTour,mainTour,,,true,true,
2026/27,wp-marcus-holt,Marcus Holt,27,WAL,Established,Rookie Pro / Bubble,false,true,true,Playoff Route,1,2,2028/29,At Risk,87,87,88,87,88,88,,,,,87,-1,63,66,65,60,63,72,42,0,33,0,0,0,,0,,,,,,,0,0,0,0,0,0,0,0,0,"{""matches"":0,""wins"":0,""losses"":0,""draws"":0,""winPercentage"":0,""eventsEntered"":0,""titles"":0,""finals"":0,""prizeMoney"":0,""points"":0}",,,,,,,,,,,,,,46,,false,false,true,,71,18,9,2,7,1,0,0,0,0,0,0,0,9,9,estimated from season exits versus eligible schedule | 9 eligible events not entered,Rookie Pro,normal,,,true,true,false,true,0,0,0,,0,true,,mainTour,mainTour,,,true,true,
2026/27,wp-marcus-mercer,Marcus Mercer,18,WAL,Rookie,Rookie Pro / Bubble,false,true,true,Federation Route,1,2,2028/29,At Risk,89,89,89,89,89,89,,,,,89,0,59,67,61,55,59,68,42,0,27,0,0,0,,0,,,,,,,0,0,0,0,0,0,0,0,0,"{""matches"":0,""wins"":0,""losses"":0,""draws"":0,""winPercentage"":0,""eventsEntered"":0,""titles"":0,""finals"":0,""prizeMoney"":0,""points"":0}",,,,,,,,,,,,,,78,,false,false,true,,71,18,9,2,7,1,0,0,0,0,0,0,0,9,9,estimated from season exits versus eligible schedule | 9 eligible events not entered,Rookie Pro,normal,,,true,true,false,false,0,0,0,,0,false,,mainTour,mainTour,,,true,true,
2026/27,wp-marcus-nash,Marcus Nash,26,WAL,Established,Rookie Pro / Bubble,false,true,true,Playoff Route,1,2,2028/29,At Risk,90,90,90,90,90,90,,,,,90,0,58,59,60,53,58,67,42,0,25,0,0,0,,0,,,,,,,0,0,0,0,0,0,0,0,0,"{""matches"":0,""wins"":0,""losses"":0,""draws"":0,""winPercentage"":0,""eventsEntered"":0,""titles"":0,""finals"":0,""prizeMoney"":0,""points"":0}",,,,,,,,,,,,,,90,,false,false,true,,71,18,9,2,7,1,0,0,0,0,0,0,0,9,9,estimated from season exits versus eligible schedule | 9 eligible events not entered,Rookie Pro,normal,,,true,true,false,false,0,0,0,,0,false,,mainTour,mainTour,,,true,true,
2026/27,wp-marcus-sloan,Marcus Sloan,28,WAL,Established,Rookie Pro / Bubble,false,true,true,Federation Route,1,2,2028/29,At Risk,91,91,91,91,91,91,,,,,91,0,61,62,63,57,61,70,42,0,30,0,0,0,,0,,,,,,,0,0,0,0,0,0,0,0,0,"{""matches"":0,""wins"":0,""losses"":0,""draws"":0,""winPercentage"":0,""eventsEntered"":0,""titles"":0,""finals"":0,""prizeMoney"":0,""points"":0}",,,,,,,,,,,,,,62,,false,false,true,,71,18,9,2,7,1,0,0,0,0,0,0,0,9,9,estimated from season exits versus eligible schedule | 9 eligible events not entered,Rookie Pro,normal,,,true,true,false,false,0,0,0,,0,false,,mainTour,mainTour,,,true,true,
2026/27,wp-marcus-zhou,Marcus Zhou,25,WAL,Established,Rookie Pro / Bubble,false,true,true,Playoff Route,1,2,2028/29,At Risk,92,92,92,92,92,92,,,,,92,0,65,70,67,62,65,74,42,0,36,0,0,0,,0,,,,,,,0,0,0,0,0,0,0,0,0,"{""matches"":0,""wins"":0,""losses"":0,""draws"":0,""winPercentage"":0,""eventsEntered"":0,""titles"":0,""finals"":0,""prizeMoney"":0,""points"":0}",,,,,,,,,,,,,,30,,false,false,true,,71,18,9,2,7,1,0,0,0,0,0,0,0,9,9,estimated from season exits versus eligible schedule | 9 eligible events not entered,Rookie Pro,normal,,,true,true,false,false,0,0,0,,0,false,,mainTour,mainTour,,,true,true,
2026/27,wp-mason-holt,Mason Holt,24,IRL,Rookie,Rookie Pro / Bubble,false,true,true,Playoff Route,1,2,2028/29,At Risk,94,94,93,94,93,93,,,,,94,1,62,67,64,59,62,71,42,0,32,0,0,0,,0,,,,,,,0,0,0,0,0,0,0,0,0,"{""matches"":0,""wins"":0,""losses"":0,""draws"":0,""winPercentage"":0,""eventsEntered"":0,""titles"":0,""finals"":0,""prizeMoney"":0,""points"":0}",,,,,,,,,,,,,,49,,false,false,true,,71,18,9,2,7,1,0,0,0,0,0,0,0,9,9,estimated from season exits versus eligible schedule | 9 eligible events not entered,Rookie Pro,normal,,,true,true,false,false,0,0,0,,0,false,,mainTour,mainTour,,,true,true,
2026/27,wp-mason-keane,Mason Keane,19,IRL,Rookie,Rookie Pro / Bubble,false,true,true,Q School,1,2,2028/29,At Risk,95,95,94,95,94,94,,,,,95,1,57,63,59,52,57,66,42,0,24,0,0,0,,0,,,,,,,0,0,0,0,0,0,0,0,0,"{""matches"":0,""wins"":0,""losses"":0,""draws"":0,""winPercentage"":0,""eventsEntered"":0,""titles"":0,""finals"":0,""prizeMoney"":0,""points"":0}",,,,,,,,,,,,,,95,,false,false,true,,71,18,9,2,7,1,0,0,0,0,0,0,0,9,9,estimated from season exits versus eligible schedule | 9 eligible events not entered,Rookie Pro,normal,,,true,true,false,false,0,0,0,,0,false,,mainTour,mainTour,,,true,true,
2026/27,wp-mason-mercer,Mason Mercer,21,IRL,Rookie,Rookie Pro / Bubble,false,true,true,Q School,1,2,2028/29,At Risk,96,96,95,96,95,95,,,,,96,1,58,64,60,54,58,67,42,0,26,0,0,0,,0,,,,,,,0,0,0,0,0,0,0,0,0,"{""matches"":0,""wins"":0,""losses"":0,""draws"":0,""winPercentage"":0,""eventsEntered"":0,""titles"":0,""finals"":0,""prizeMoney"":0,""points"":0}",,,,,,,,,,,,,,81,,false,false,true,,71,18,9,2,7,1,0,0,0,0,0,0,0,9,9,estimated from season exits versus eligible schedule | 9 eligible events not entered,Rookie Pro,normal,,,true,true,false,false,0,0,0,,0,false,,mainTour,mainTour,,,true,true,
2026/27,wp-mason-nash,Mason Nash,21,IRL,Rookie,Rookie Pro / Bubble,false,true,true,Playoff Route,1,2,2028/29,At Risk,97,97,96,97,96,96,,,,,97,1,56,61,58,51,56,65,42,0,24,0,0,0,,0,,,,,,,0,0,0,0,0,0,0,0,0,"{""matches"":0,""wins"":0,""losses"":0,""draws"":0,""winPercentage"":0,""eventsEntered"":0,""titles"":0,""finals"":0,""prizeMoney"":0,""points"":0}",,,,,,,,,,,,,,97,,false,false,true,,71,18,9,2,7,1,0,0,0,0,0,0,0,9,9,estimated from season exits versus eligible schedule | 9 eligible events not entered,Rookie Pro,normal,,,true,true,false,false,0,0,0,,0,false,,mainTour,mainTour,,,true,true,
2026/27,wp-mason-sloan,Mason Sloan,22,IRL,Rookie,Rookie Pro / Bubble,false,true,true,Playoff Route,1,2,2028/29,At Risk,98,98,97,98,97,97,,,,,98,1,60,66,62,56,60,69,42,0,29,0,0,0,,0,,,,,,,0,0,0,0,0,0,0,0,0,"{""matches"":0,""wins"":0,""losses"":0,""draws"":0,""winPercentage"":0,""eventsEntered"":0,""titles"":0,""finals"":0,""prizeMoney"":0,""points"":0}",,,,,,,,,,,,,,65,,false,false,true,,71,18,9,2,7,1,0,0,0,0,0,0,0,9,9,estimated from season exits versus eligible schedule | 9 eligible events not entered,Rookie Pro,normal,,,true,true,false,false,0,0,0,,0,false,,mainTour,mainTour,,,true,true,
2026/27,wp-mason-zhou,Mason Zhou,26,IRL,Established,Rookie Pro / Bubble,false,true,true,Playoff Route,1,2,2028/29,At Risk,99,99,98,99,98,98,,,,,99,1,64,69,66,61,64,73,42,0,35,0,0,0,,0,,,,,,,0,0,0,0,0,0,0,0,0,"{""matches"":0,""wins"":0,""losses"":0,""draws"":0,""winPercentage"":0,""eventsEntered"":0,""titles"":0,""finals"":0,""prizeMoney"":0,""points"":0}",,,,,,,,,,,,,,33,,false,false,true,,71,18,9,2,7,1,0,0,0,0,0,0,0,9,9,estimated from season exits versus eligible schedule | 9 eligible events not entered,Rookie Pro,normal,,,true,true,false,false,0,0,0,,0,false,,mainTour,mainTour,,,true,true,
2026/27,wp-mika-keane,Mika Keane,14,WAL,Rookie,Rookie Pro / Bubble,false,true,true,Federation Route,1,2,2028/29,At Risk,,99,99,99,99,99,,,,,,,52,62,54,46,52,61,42,0,18,,,,,,,,,,,,,,0,0,0,0,0,0,0,"{""matches"":0,""wins"":0,""losses"":0,""draws"":0,""winPercentage"":0,""eventsEntered"":0,""titles"":0,""finals"":0,""prizeMoney"":0,""points"":0}",,,,,,,,,,,,,,,,,false,true,,71,18,9,2,7,1,0,0,0,0,0,0,0,9,9,estimated from season exits versus eligible schedule | 9 eligible events not entered,Rookie Pro,normal,,,true,true,false,false,0,0,0,,0,false,,mainTour,mainTour,,,true,true,
2026/27,wp-milan-frost,Milan Frost,35,WAL,Established,Rookie Pro / Bubble,false,true,true,Federation Route,1,2,2028/29,At Risk,100,100,100,100,100,100,,,,,100,0,67,72,69,65,65,76,42,0,41,0,0,0,,0,,,,,,,0,0,0,0,0,0,0,0,0,"{""matches"":0,""wins"":0,""losses"":0,""draws"":0,""winPercentage"":0,""eventsEntered"":0,""titles"":0,""finals"":0,""prizeMoney"":0,""points"":0}",,,,,,,,,,,,,,2,,false,false,true,,71,18,9,2,7,1,0,0,0,0,0,0,0,9,9,estimated from season exits versus eligible schedule | 9 eligible events not entered,Rookie Pro,normal,,,true,true,false,false,0,0,0,,0,false,,mainTour,mainTour,,,true,true,
2026/27,wp-nico-arden,Nico Arden,29,BEL,Established,Rookie Pro / Bubble,false,true,true,Federation Route,1,2,2028/29,At Risk,101,101,101,101,101,101,,,,,101,0,67,72,69,65,67,76,42,0,41,0,0,0,,0,,,,,,,0,0,0,0,0,0,0,0,0,"{""matches"":0,""wins"":0,""losses"":0,""draws"":0,""winPercentage"":0,""eventsEntered"":0,""titles"":0,""finals"":0,""prizeMoney"":0,""points"":0}",,,,,,,,,,,,,,1,,false,false,true,,71,18,9,2,7,1,0,0,0,0,0,0,0,9,9,estimated from season exits versus eligible schedule | 9 eligible events not entered,Rookie Pro,normal,,,true,true,false,false,0,0,0,,0,false,,mainTour,mainTour,,,true,true,
2026/27,wp-noah-bennett,Noah Bennett,16,IRL,Rookie,Rookie Pro / Bubble,false,true,true,Federation Route,1,2,2028/29,At Risk,,102,102,102,102,102,,,,,,,52,60,54,46,52,61,42,0,18,,,,,,,,,,,,,,0,0,0,0,0,0,0,"{""matches"":0,""wins"":0,""losses"":0,""draws"":0,""winPercentage"":0,""eventsEntered"":0,""titles"":0,""finals"":0,""prizeMoney"":0,""points"":0}",,,,,,,,,,,,,,,,,false,true,,71,18,9,2,7,1,0,0,0,0,0,0,0,9,9,estimated from season exits versus eligible schedule | 9 eligible events not entered,Rookie Pro,normal,,,true,true,false,false,0,0,0,,0,false,,mainTour,mainTour,,,true,true,
2026/27,wp-noah-veldt,Noah Veldt,33,NED,Established,Rookie Pro / Bubble,false,true,true,Federation Route,1,2,2028/29,At Risk,102,102,103,102,103,103,,,,,102,-1,66,71,68,64,65,75,42,0,39,0,0,0,,0,,,,,,,0,0,0,0,0,0,0,0,0,"{""matches"":0,""wins"":0,""losses"":0,""draws"":0,""winPercentage"":0,""eventsEntered"":0,""titles"":0,""finals"":0,""prizeMoney"":0,""points"":0}",,,,,,,,,,,,,,11,,false,false,true,,71,18,9,2,7,1,0,0,0,0,0,0,0,9,9,estimated from season exits versus eligible schedule | 9 eligible events not entered,Rookie Pro,normal,,,true,true,false,true,0,0,0,,0,true,,mainTour,mainTour,,,true,true,
2026/27,wp-oliver-crane,Oliver Crane,34,ENG,Established,Rookie Pro / Bubble,false,true,true,Federation Route,1,2,2028/29,At Risk,103,103,104,103,104,104,,,,,103,-1,66,71,68,64,65,75,42,0,39,0,0,0,,0,,,,,,,0,0,0,0,0,0,0,0,0,"{""matches"":0,""wins"":0,""losses"":0,""draws"":0,""winPercentage"":0,""eventsEntered"":0,""titles"":0,""finals"":0,""prizeMoney"":0,""points"":0}",,,,,,,,,,,,,,12,,false,false,true,,71,18,9,2,7,1,0,0,0,0,0,0,0,9,9,estimated from season exits versus eligible schedule | 9 eligible events not entered,Rookie Pro,normal,,,true,true,false,true,0,0,0,,0,true,,mainTour,mainTour,,,true,true,
2026/27,wp-oliver-dawes,Oliver Dawes,28,ENG,Established,Rookie Pro / Bubble,false,true,true,Federation Route,1,2,2028/29,At Risk,104,104,105,104,105,105,,,,,104,-1,55,55,57,50,55,64,42,0,22,0,0,0,,0,,,,,,,0,0,0,0,0,0,0,0,0,"{""matches"":0,""wins"":0,""losses"":0,""draws"":0,""winPercentage"":0,""eventsEntered"":0,""titles"":0,""finals"":0,""prizeMoney"":0,""points"":0}",,,,,,,,,,,,,,104,,false,false,true,,71,18,9,2,7,1,0,0,0,0,0,0,0,9,9,estimated from season exits versus eligible schedule | 9 eligible events not entered,Rookie Pro,normal,,,true,true,false,true,0,0,0,,0,true,,mainTour,mainTour,,,true,true,
2026/27,wp-oliver-holt,Oliver Holt,23,ENG,Rookie,Rookie Pro / Bubble,false,true,true,Playoff Route,1,2,2028/29,At Risk,105,105,106,105,106,106,,,,,105,-1,62,69,64,59,62,71,42,0,33,0,0,0,,0,,,,,,,0,0,0,0,0,0,0,0,0,"{""matches"":0,""wins"":0,""losses"":0,""draws"":0,""winPercentage"":0,""eventsEntered"":0,""titles"":0,""finals"":0,""prizeMoney"":0,""points"":0}",,,,,,,,,,,,,,44,,false,false,true,,71,18,9,2,7,1,0,0,0,0,0,0,0,9,9,estimated from season exits versus eligible schedule | 9 eligible events not entered,Rookie Pro,normal,,,true,true,false,true,0,0,0,,0,true,,mainTour,mainTour,,,true,true,
2026/27,wp-oliver-keane,Oliver Keane,26,ENG,Established,Rookie Pro / Bubble,false,true,true,Playoff Route,1,2,2028/29,At Risk,106,106,107,106,107,107,,,,,106,-1,56,58,58,51,56,65,42,0,24,0,0,0,,0,,,,,,,0,0,0,0,0,0,0,0,0,"{""matches"":0,""wins"":0,""losses"":0,""draws"":0,""winPercentage"":0,""eventsEntered"":0,""titles"":0,""finals"":0,""prizeMoney"":0,""points"":0}",,,,,,,,,,,,,,92,,false,false,true,,71,18,9,2,7,1,0,0,0,0,0,0,0,9,9,estimated from season exits versus eligible schedule | 9 eligible events not entered,Rookie Pro,normal,,,true,true,false,true,0,0,0,,0,true,,mainTour,mainTour,,,true,true,
2026/27,wp-oliver-mercer,Oliver Mercer,22,ENG,Rookie,Rookie Pro / Bubble,false,true,true,Playoff Route,1,2,2028/29,At Risk,107,107,108,107,108,108,,,,,107,-1,58,64,60,54,58,67,42,0,27,0,0,0,,0,,,,,,,0,0,0,0,0,0,0,0,0,"{""matches"":0,""wins"":0,""losses"":0,""draws"":0,""winPercentage"":0,""eventsEntered"":0,""titles"":0,""finals"":0,""prizeMoney"":0,""points"":0}",,,,,,,,,,,,,,76,,false,false,true,,71,18,9,2,7,1,0,0,0,0,0,0,0,9,9,estimated from season exits versus eligible schedule | 9 eligible events not entered,Rookie Pro,normal,,,true,true,false,true,0,0,0,,0,true,,mainTour,mainTour,,,true,true,
2026/27,wp-oliver-nash,Oliver Nash,22,ENG,Rookie,Rookie Pro / Bubble,false,true,true,Playoff Route,1,2,2028/29,At Risk,108,108,109,108,109,109,,,,,108,-1,54,58,56,49,54,63,42,0,22,0,0,0,,0,,,,,,,0,0,0,0,0,0,0,0,0,"{""matches"":0,""wins"":0,""losses"":0,""draws"":0,""winPercentage"":0,""eventsEntered"":0,""titles"":0,""finals"":0,""prizeMoney"":0,""points"":0}",,,,,,,,,,,,,,108,,false,false,true,,71,18,9,2,7,1,0,0,0,0,0,0,0,9,9,estimated from season exits versus eligible schedule | 9 eligible events not entered,Rookie Pro,normal,,,true,true,false,true,0,0,0,,0,true,,mainTour,mainTour,,,true,true,
2026/27,wp-oliver-sloan,Oliver Sloan,27,ENG,Established,Rookie Pro / Bubble,false,true,true,Playoff Route,1,2,2028/29,At Risk,109,109,110,109,110,110,,,,,109,-1,60,63,62,56,60,69,42,0,30,0,0,0,,0,,,,,,,0,0,0,0,0,0,0,0,0,"{""matches"":0,""wins"":0,""losses"":0,""draws"":0,""winPercentage"":0,""eventsEntered"":0,""titles"":0,""finals"":0,""prizeMoney"":0,""points"":0}",,,,,,,,,,,,,,60,,false,false,true,,71,18,9,2,7,1,0,0,0,0,0,0,0,9,9,estimated from season exits versus eligible schedule | 9 eligible events not entered,Rookie Pro,normal,,,true,true,false,true,0,0,0,,0,true,,mainTour,mainTour,,,true,true,
2026/27,wp-oliver-zhou,Oliver Zhou,34,ENG,Established,Rookie Pro / Bubble,false,true,true,Federation Route,1,2,2028/29,At Risk,110,110,111,110,111,111,,,,,110,-1,63,67,65,60,62,72,42,0,36,0,0,0,,0,,,,,,,0,0,0,0,0,0,0,0,0,"{""matches"":0,""wins"":0,""losses"":0,""draws"":0,""winPercentage"":0,""eventsEntered"":0,""titles"":0,""finals"":0,""prizeMoney"":0,""points"":0}",,,,,,,,,,,,,,28,,false,false,true,,71,18,9,2,7,1,0,0,0,0,0,0,0,9,9,estimated from season exits versus eligible schedule | 9 eligible events not entered,Rookie Pro,normal,,,true,true,false,true,0,0,0,,0,true,,mainTour,mainTour,,,true,true,
2026/27,wp-oscar-crane,Oscar Crane,32,ENG,Established,Rookie Pro / Bubble,false,true,true,Federation Route,1,2,2028/29,At Risk,111,111,112,111,112,112,,,,,111,-1,64,68,66,61,63,73,42,0,37,0,0,0,,0,,,,,,,0,0,0,0,0,0,0,0,0,"{""matches"":0,""wins"":0,""losses"":0,""draws"":0,""winPercentage"":0,""eventsEntered"":0,""titles"":0,""finals"":0,""prizeMoney"":0,""points"":0}",,,,,,,,,,,,,,24,,false,false,true,,71,18,9,2,7,1,0,0,0,0,0,0,0,9,9,estimated from season exits versus eligible schedule | 9 eligible events not entered,Rookie Pro,normal,,,true,true,false,true,0,0,0,,0,true,,mainTour,mainTour,,,true,true,
2026/27,wp-oscar-holt,Oscar Holt,29,ENG,Established,Rookie Pro / Bubble,false,true,true,Federation Route,1,2,2028/29,At Risk,112,112,113,112,113,113,,,,,112,-1,60,63,62,56,60,69,42,0,31,0,0,0,,0,,,,,,,0,0,0,0,0,0,0,0,0,"{""matches"":0,""wins"":0,""losses"":0,""draws"":0,""winPercentage"":0,""eventsEntered"":0,""titles"":0,""finals"":0,""prizeMoney"":0,""points"":0}",,,,,,,,,,,,,,56,,false,false,true,,71,18,9,2,7,1,0,0,0,0,0,0,0,9,9,estimated from season exits versus eligible schedule | 9 eligible events not entered,Rookie Pro,normal,,,true,true,false,true,0,0,0,,0,true,,mainTour,mainTour,,,true,true,
2026/27,wp-oscar-keane,Oscar Keane,23,ENG,Rookie,Rookie Pro / Bubble,false,true,true,Playoff Route,1,2,2028/29,At Risk,113,113,114,113,114,114,,,,,113,-1,54,58,56,49,54,63,42,0,22,0,0,0,,0,,,,,,,0,0,0,0,0,0,0,0,0,"{""matches"":0,""wins"":0,""losses"":0,""draws"":0,""winPercentage"":0,""eventsEntered"":0,""titles"":0,""finals"":0,""prizeMoney"":0,""points"":0}",,,,,,,,,,,,,,104,,false,false,true,,71,18,9,2,7,1,0,0,0,0,0,0,0,9,9,estimated from season exits versus eligible schedule | 9 eligible events not entered,Rookie Pro,normal,,,true,true,false,true,0,0,0,,0,true,,mainTour,mainTour,,,true,true,
2026/27,wp-oscar-mercer,Oscar Mercer,25,ENG,Established,Rookie Pro / Bubble,false,true,true,Playoff Route,1,2,2028/29,At Risk,114,114,115,114,115,115,,,,,114,-1,56,59,58,51,56,65,42,0,25,0,0,0,,0,,,,,,,0,0,0,0,0,0,0,0,0,"{""matches"":0,""wins"":0,""losses"":0,""draws"":0,""winPercentage"":0,""eventsEntered"":0,""titles"":0,""finals"":0,""prizeMoney"":0,""points"":0}",,,,,,,,,,,,,,88,,false,false,true,,71,18,9,2,7,1,0,0,0,0,0,0,0,9,9,estimated from season exits versus eligible schedule | 9 eligible events not entered,Rookie Pro,normal,,,true,true,false,true,0,0,0,,0,true,,mainTour,mainTour,,,true,true,
2026/27,wp-oscar-nash,Oscar Nash,25,ENG,Established,Rookie Pro / Bubble,false,true,true,Playoff Route,1,2,2028/29,At Risk,115,115,116,115,116,116,,,,,115,-1,53,55,55,48,53,62,42,0,20,0,0,0,,0,,,,,,,0,0,0,0,0,0,0,0,0,"{""matches"":0,""wins"":0,""losses"":0,""draws"":0,""winPercentage"":0,""eventsEntered"":0,""titles"":0,""finals"":0,""prizeMoney"":0,""points"":0}",,,,,,,,,,,,,,115,,false,false,true,,71,18,9,2,7,1,0,0,0,0,0,0,0,9,9,estimated from season exits versus eligible schedule | 9 eligible events not entered,Rookie Pro,normal,,,true,true,false,true,0,0,0,,0,true,,mainTour,mainTour,,,true,true,
2026/27,wp-oscar-sloan,Oscar Sloan,28,ENG,Established,Rookie Pro / Bubble,false,true,true,Federation Route,1,2,2028/29,At Risk,116,116,117,116,117,117,,,,,116,-1,58,60,60,54,58,67,42,0,28,0,0,0,,0,,,,,,,0,0,0,0,0,0,0,0,0,"{""matches"":0,""wins"":0,""losses"":0,""draws"":0,""winPercentage"":0,""eventsEntered"":0,""titles"":0,""finals"":0,""prizeMoney"":0,""points"":0}",,,,,,,,,,,,,,72,,false,false,true,,71,18,9,2,7,1,0,0,0,0,0,0,0,9,9,estimated from season exits versus eligible schedule | 9 eligible events not entered,Rookie Pro,normal,,,true,true,false,true,0,0,0,,0,true,,mainTour,mainTour,,,true,true,
2026/27,wp-oscar-zhou,Oscar Zhou,31,ENG,Established,Rookie Pro / Bubble,false,true,true,Federation Route,1,2,2028/29,At Risk,117,117,118,117,118,118,,,,,117,-1,61,65,63,58,61,70,42,0,34,0,0,0,,0,,,,,,,0,0,0,0,0,0,0,0,0,"{""matches"":0,""wins"":0,""losses"":0,""draws"":0,""winPercentage"":0,""eventsEntered"":0,""titles"":0,""finals"":0,""prizeMoney"":0,""points"":0}",,,,,,,,,,,,,,40,,false,false,true,,71,18,9,2,7,1,0,0,0,0,0,0,0,9,9,estimated from season exits versus eligible schedule | 9 eligible events not entered,Rookie Pro,normal,,,true,true,false,true,0,0,0,,0,true,,mainTour,mainTour,,,true,true,
2026/27,wp-rhys-mercer,Rhys Mercer,28,ENG,Established,Rookie Pro / Bubble,false,true,true,Federation Route,1,2,2028/29,At Risk,118,118,119,118,119,119,,,,,118,-1,65,71,67,63,65,74,42,0,40,0,0,0,,0,,,,,,,0,0,0,0,0,0,0,0,0,"{""matches"":0,""wins"":0,""losses"":0,""draws"":0,""winPercentage"":0,""eventsEntered"":0,""titles"":0,""finals"":0,""prizeMoney"":0,""points"":0}",,,,,,,,,,,,,,6,,false,false,true,,71,18,9,2,7,1,0,0,0,0,0,0,0,9,9,estimated from season exits versus eligible schedule | 9 eligible events not entered,Rookie Pro,normal,,,true,true,false,true,0,0,0,,0,true,,mainTour,mainTour,,,true,true,
2026/27,wp-rory-flint,Rory Flint,29,ENG,Established,Rookie Pro / Bubble,false,true,true,Federation Route,1,2,2028/29,At Risk,119,119,120,119,120,120,,,,,119,-1,65,71,67,63,65,74,42,0,40,0,0,0,,0,,,,,,,0,0,0,0,0,0,0,0,0,"{""matches"":0,""wins"":0,""losses"":0,""draws"":0,""winPercentage"":0,""eventsEntered"":0,""titles"":0,""finals"":0,""prizeMoney"":0,""points"":0}",,,,,,,,,,,,,,8,,false,false,true,,71,18,9,2,7,1,0,0,0,0,0,0,0,9,9,estimated from season exits versus eligible schedule | 9 eligible events not entered,Rookie Pro,normal,,,true,true,false,true,0,0,0,,0,true,,mainTour,mainTour,,,true,true,
2026/27,wp-rory-vale,Rory Vale,14,ENG,Rookie,Rookie Pro / Bubble,false,true,true,Federation Route,1,2,2028/29,At Risk,,121,121,121,121,121,,,,,,,51,61,53,45,51,60,42,0,18,,,,,,,,,,,,,,0,0,0,0,0,0,0,"{""matches"":0,""wins"":0,""losses"":0,""draws"":0,""winPercentage"":0,""eventsEntered"":0,""titles"":0,""finals"":0,""prizeMoney"":0,""points"":0}",,,,,,,,,,,,,,,,,false,true,,71,18,9,2,7,1,0,0,0,0,0,0,0,9,9,estimated from season exits versus eligible schedule | 9 eligible events not entered,Rookie Pro,normal,,,true,true,false,false,0,0,0,,0,false,,mainTour,mainTour,,,true,true,
2026/27,wp-theo-crane,Theo Crane,25,GER,Established,Rookie Pro / Bubble,false,true,true,Playoff Route,1,2,2028/29,At Risk,120,120,122,120,122,122,,,,,120,-2,64,71,66,61,64,73,42,0,38,0,0,0,,0,,,,,,,0,0,0,0,0,0,0,0,0,"{""matches"":0,""wins"":0,""losses"":0,""draws"":0,""winPercentage"":0,""eventsEntered"":0,""titles"":0,""finals"":0,""prizeMoney"":0,""points"":0}",,,,,,,,,,,,,,19,,false,false,true,,71,18,9,2,7,1,0,0,0,0,0,0,0,9,9,estimated from season exits versus eligible schedule | 9 eligible events not entered,Rookie Pro,normal,,,true,true,false,true,0,0,0,,0,true,,mainTour,mainTour,,,true,true,
2026/27,wp-theo-holt,Theo Holt,23,GER,Rookie,Rookie Pro / Bubble,false,true,true,Playoff Route,1,2,2028/29,At Risk,121,121,123,121,123,123,,,,,121,-2,60,67,62,57,60,69,42,0,32,0,0,0,,0,,,,,,,0,0,0,0,0,0,0,0,0,"{""matches"":0,""wins"":0,""losses"":0,""draws"":0,""winPercentage"":0,""eventsEntered"":0,""titles"":0,""finals"":0,""prizeMoney"":0,""points"":0}",,,,,,,,,,,,,,51,,false,false,true,,71,18,9,2,7,1,0,0,0,0,0,0,0,9,9,estimated from season exits versus eligible schedule | 9 eligible events not entered,Rookie Pro,normal,,,true,true,false,true,0,0,0,,0,true,,mainTour,mainTour,,,true,true,
2026/27,wp-theo-keane,Theo Keane,21,GER,Rookie,Rookie Pro / Bubble,false,true,true,Playoff Route,1,2,2028/29,At Risk,122,122,124,122,124,124,,,,,122,-2,54,60,56,49,54,63,42,0,23,0,0,0,,0,,,,,,,0,0,0,0,0,0,0,0,0,"{""matches"":0,""wins"":0,""losses"":0,""draws"":0,""winPercentage"":0,""eventsEntered"":0,""titles"":0,""finals"":0,""prizeMoney"":0,""points"":0}",,,,,,,,,,,,,,99,,false,false,true,,71,18,9,2,7,1,0,0,0,0,0,0,0,9,9,estimated from season exits versus eligible schedule | 9 eligible events not entered,Rookie Pro,normal,,,true,true,false,true,0,0,0,,0,true,,mainTour,mainTour,,,true,true,
2026/27,wp-theo-nash,Theo Nash,27,GER,Established,Rookie Pro / Bubble,false,true,true,Playoff Route,1,2,2028/29,At Risk,124,124,125,124,125,125,,,,,124,-1,52,53,54,47,52,61,42,0,20,0,0,0,,0,,,,,,,0,0,0,0,0,0,0,0,0,"{""matches"":0,""wins"":0,""losses"":0,""draws"":0,""winPercentage"":0,""eventsEntered"":0,""titles"":0,""finals"":0,""prizeMoney"":0,""points"":0}",,,,,,,,,,,,,,115,,false,false,true,,71,18,9,2,7,1,0,0,0,0,0,0,0,9,9,estimated from season exits versus eligible schedule | 9 eligible events not entered,Rookie Pro,normal,,,true,true,false,true,0,0,0,,0,true,,mainTour,mainTour,,,true,true,
2026/27,wp-theo-zhou,Theo Zhou,34,GER,Established,Rookie Pro / Bubble,false,true,true,Federation Route,1,2,2028/29,At Risk,126,126,126,126,126,126,,,,,126,0,61,66,63,58,60,70,42,0,35,0,0,0,,0,,,,,,,0,0,0,0,0,0,0,0,0,"{""matches"":0,""wins"":0,""losses"":0,""draws"":0,""winPercentage"":0,""eventsEntered"":0,""titles"":0,""finals"":0,""prizeMoney"":0,""points"":0}",,,,,,,,,,,,,,35,,false,false,true,,71,18,9,2,7,1,0,0,0,0,0,0,0,9,9,estimated from season exits versus eligible schedule | 9 eligible events not entered,Rookie Pro,normal,,,true,true,false,false,0,0,0,,0,false,,mainTour,mainTour,,,true,true,
2026/27,wp-toby-hale,Toby Hale,16,SCO,Rookie,Rookie Pro / Bubble,false,true,true,Federation Route,1,2,2028/29,At Risk,,127,127,127,127,127,,,,,,,50,58,52,44,50,59,42,0,18,,,,,,,,,,,,,,0,0,0,0,0,0,0,"{""matches"":0,""wins"":0,""losses"":0,""draws"":0,""winPercentage"":0,""eventsEntered"":0,""titles"":0,""finals"":0,""prizeMoney"":0,""points"":0}",,,,,,,,,,,,,,,,,false,true,,71,18,9,2,7,1,0,0,0,0,0,0,0,9,9,estimated from season exits versus eligible schedule | 9 eligible events not entered,Rookie Pro,normal,,,true,true,false,false,0,0,0,,0,false,,mainTour,mainTour,,,true,true,
2026/27,wp-tomas-bell,Tomas Bell,31,IRE,Established,Rookie Pro / Bubble,false,true,true,Federation Route,1,2,2028/29,At Risk,127,127,128,127,128,128,,,,,127,-1,65,71,67,63,65,74,42,0,40,0,0,0,,0,,,,,,,0,0,0,0,0,0,0,0,0,"{""matches"":0,""wins"":0,""losses"":0,""draws"":0,""winPercentage"":0,""eventsEntered"":0,""titles"":0,""finals"":0,""prizeMoney"":0,""points"":0}",,,,,,,,,,,,,,5,,false,false,true,,71,18,9,2,7,1,0,0,0,0,0,0,0,9,9,estimated from season exits versus eligible schedule | 9 eligible events not entered,Rookie Pro,normal,,,true,true,false,true,0,0,0,,0,true,,mainTour,mainTour,,,true,true,
2026/27,wp-leo-zhou,Leo Zhou,50,POL,Veteran,Senior Tour / Legend Circuit,false,false,false,,0,0,,Amateur,68,68,,68,,,,,,2,68,,61,66,60,57,52,64,30,20,34,0,0,0,,0,,,,,,,0,0,0,0,0,0,0,0,0,"{""matches"":0,""wins"":0,""losses"":0,""draws"":0,""winPercentage"":0,""eventsEntered"":0,""titles"":0,""finals"":0,""prizeMoney"":0,""points"":0}",,,,,,,,,,,,,,37,,false,false,false,,71,6,6,0,0,0,0,0,0,0,0,0,6,0,0,,Senior/Legend,normal,,,false,false,false,false,0,0,0,,0,false,,senior,senior,,,true,true,
2026/27,wp-lewis-holt,Lewis Holt,29,CHN,Amateur,Q School,false,false,false,,0,0,,Amateur,70,70,,70,,,1,1,1,,70,,58,62,60,54,58,67,42,0,31,0,0,0,,0,,,,,,,0,0,0,0,0,0,0,0,0,"{""matches"":0,""wins"":0,""losses"":0,""draws"":0,""winPercentage"":0,""eventsEntered"":0,""titles"":0,""finals"":0,""prizeMoney"":0,""points"":0}",,,,,,,,,,,,,,58,,false,false,false,,71,18,3,0,0,0,0,0,0,3,0,0,0,15,8,estimated from season exits versus eligible schedule | 15 eligible events not entered,Q School,normal,,,false,false,false,false,0,0,0,,0,false,,qSchool,qSchool,,,true,true,
2026/27,wp-liam-mercer,Liam Mercer,32,CHN,Amateur,Q School,false,false,false,,0,0,,Amateur,80,80,,80,,,3,3,3,,80,,56,59,58,52,55,65,42,0,27,0,0,0,,0,,,,,,,0,0,0,0,0,0,0,0,0,"{""matches"":0,""wins"":0,""losses"":0,""draws"":0,""winPercentage"":0,""eventsEntered"":0,""titles"":0,""finals"":0,""prizeMoney"":0,""points"":0}",,,,,,,,,,,,,,77,,false,false,false,,71,18,3,0,0,0,0,0,0,3,0,0,0,15,8,estimated from season exits versus eligible schedule | 15 eligible events not entered,Q School,normal,,,false,false,false,false,0,0,0,,0,false,,qSchool,qSchool,,,true,true,
2026/27,wp-marcus-keane,Marcus Keane,49,WAL,Veteran,Senior Tour / Legend Circuit,false,false,false,,0,0,,Amateur,88,88,,88,,,,,,3,88,,55,57,54,49,47,58,31,19,25,0,0,0,,0,,,,,,,0,0,0,0,0,0,0,0,0,"{""matches"":0,""wins"":0,""losses"":0,""draws"":0,""winPercentage"":0,""eventsEntered"":0,""titles"":0,""finals"":0,""prizeMoney"":0,""points"":0}",,,,,,,,,,,,,,88,,false,false,false,,71,6,6,0,0,0,0,0,0,0,0,0,6,0,0,,Senior/Legend,normal,,,false,false,false,false,0,0,0,,0,false,,amateur,senior,,,true,true,
2026/27,wp-mason-crane,Mason Crane,51,IRL,Veteran,Senior Tour / Legend Circuit,false,false,false,,0,0,,Amateur,93,93,,93,,,,,,1,93,,63,69,62,59,54,65,29,22,38,0,0,0,,0,,,,,,,0,0,0,0,0,0,0,0,0,"{""matches"":0,""wins"":0,""losses"":0,""draws"":0,""winPercentage"":0,""eventsEntered"":0,""titles"":0,""finals"":0,""prizeMoney"":0,""points"":0}",,,,,,,,,,,,,,17,,false,false,false,,71,6,6,0,0,0,0,0,0,0,0,0,6,0,0,,Senior/Legend,normal,,,false,false,false,false,0,0,0,,0,false,,senior,senior,,,true,true,
2026/27,wp-theo-mercer,Theo Mercer,29,GER,Amateur,Q School,false,false,false,,0,0,,Amateur,123,123,,123,,,2,2,2,,123,,55,57,57,51,55,64,42,0,26,0,0,0,,0,,,,,,,0,0,0,0,0,0,0,0,0,"{""matches"":0,""wins"":0,""losses"":0,""draws"":0,""winPercentage"":0,""eventsEntered"":0,""titles"":0,""finals"":0,""prizeMoney"":0,""points"":0}",,,,,,,,,,,,,,83,,false,false,false,,71,18,3,0,0,0,0,0,0,3,0,0,0,15,8,estimated from season exits versus eligible schedule | 15 eligible events not entered,Q School,normal,,,false,false,false,false,0,0,0,,0,false,,qSchool,qSchool,,,true,true,
2026/27,wp-theo-sloan,Theo Sloan,32,GER,Amateur,Q School,false,false,false,,0,0,,Amateur,125,125,,125,,,4,4,4,,125,,57,60,59,53,56,66,42,0,29,0,0,0,,0,,,,,,,0,0,0,0,0,0,0,0,0,"{""matches"":0,""wins"":0,""losses"":0,""draws"":0,""winPercentage"":0,""eventsEntered"":0,""titles"":0,""finals"":0,""prizeMoney"":0,""points"":0}",,,,,,,,,,,,,,67,,false,false,false,,71,18,3,0,0,0,0,0,0,3,0,0,0,15,8,estimated from season exits versus eligible schedule | 15 eligible events not entered,Q School,normal,,,false,false,false,false,0,0,0,,0,false,,qSchool,qSchool,,,true,true,
